regime,question_id,reasoning_correct,revise_correct,revise_helpful,safe_cheap,both_wrong,unnecessary_revise_candidate,method_best_label,policy_v5,policy_v6,policy_v7,correct_if_v5,correct_if_v6,correct_if_v7,cost_v5,cost_v6,cost_v7,prompt_number_count,prompt_token_length,target_quantity_type,multi_stepness_proxy,explicit_constraint_presence,relational_wording_presence,special_structure_presence,final_answer_parseable,body_final_numeric_mismatch,target_quantity_mismatch,constraint_violation_signal,copied_question_number_as_final_answer,cheap_route_confidence,explanation_warning_signal,answer_error_signal,v6_answer_error_score_raw,v6_explanation_warning_score_raw
gsm8k_random_100,gsm8k_test_0,1,1,0,1,0,1,reasoning_greedy,reasoning_greedy,direct_plus_revise,direct_plus_revise,1,1,1,1,2,2,2.0,52.0,rate_or_unit,1,1,0,1,1,0,0,0,0,1,0,1,2.0,0.0
gsm8k_random_100,gsm8k_test_1,1,1,0,1,0,0,reasoning_greedy,reasoning_greedy,reasoning_greedy,reasoning_greedy,1,1,1,1,1,1,1.0,22.0,total,1,0,0,0,1,0,0,0,0,1,0,0,0.0,0.0
gsm8k_random_100,gsm8k_test_2,1,1,0,1,0,0,reasoning_greedy,direct_plus_revise,reasoning_greedy,reasoning_greedy,1,1,1,2,1,1,3.0,35.0,money,0,1,0,1,1,0,0,0,0,1,0,0,0.0,0.0
gsm8k_random_100,gsm8k_test_3,1,1,0,1,0,0,reasoning_greedy,reasoning_greedy,reasoning_greedy,reasoning_greedy,1,1,1,1,1,1,3.0,25.0,rate_or_unit,0,0,0,1,1,0,0,0,0,1,0,0,0.0,0.0
gsm8k_random_100,gsm8k_test_4,1,1,0,1,0,1,reasoning_greedy,reasoning_greedy,direct_plus_revise,direct_plus_revise,1,1,1,1,2,2,3.0,87.0,rate_or_unit,1,0,0,1,1,0,0,0,0,1,0,1,2.0,0.0
gsm8k_random_100,gsm8k_test_5,1,1,0,1,0,0,reasoning_greedy,direct_plus_revise,reasoning_greedy,reasoning_greedy,1,1,1,2,1,1,3.0,41.0,rate_or_unit,1,0,0,1,1,0,0,0,0,1,0,0,0.0,0.0
gsm8k_random_100,gsm8k_test_6,1,1,0,1,0,0,reasoning_greedy,reasoning_greedy,reasoning_greedy,reasoning_greedy,1,1,1,1,1,1,2.0,32.0,other,0,1,0,0,1,0,0,0,0,1,0,0,0.0,0.0
gsm8k_random_100,gsm8k_test_7,0,0,0,0,1,0,reasoning_greedy,direct_plus_revise,reasoning_greedy,reasoning_greedy,0,0,0,2,1,1,4.0,51.0,time,1,1,0,1,1,0,0,0,1,1,0,0,0.0,0.0
gsm8k_random_100,gsm8k_test_8,1,1,0,1,0,1,reasoning_greedy,direct_plus_revise,direct_plus_revise,direct_plus_revise,1,1,1,2,2,2,8.0,82.0,remaining_or_left,0,1,1,1,1,0,0,1,0,1,0,1,2.0,0.0
gsm8k_random_100,gsm8k_test_9,1,1,0,1,0,0,reasoning_greedy,reasoning_greedy,reasoning_greedy,reasoning_greedy,1,1,1,1,1,1,4.0,44.0,rate_or_unit,1,1,0,1,1,0,0,0,0,1,0,0,0.0,0.0
gsm8k_random_100,gsm8k_test_10,1,1,0,1,0,0,reasoning_greedy,reasoning_greedy,reasoning_greedy,reasoning_greedy,1,1,1,1,1,1,2.0,51.0,total,0,1,0,1,1,0,0,0,0,1,0,0,0.0,0.0
gsm8k_random_100,gsm8k_test_11,1,1,0,1,0,0,reasoning_greedy,reasoning_greedy,reasoning_greedy,reasoning_greedy,1,1,1,1,1,1,6.0,45.0,rate_or_unit,0,0,0,1,1,0,0,0,1,1,0,0,0.0,0.0
gsm8k_random_100,gsm8k_test_12,0,0,0,0,1,0,reasoning_greedy,direct_plus_revise,direct_plus_revise,direct_plus_revise,0,0,0,2,2,2,4.0,53.0,rate_or_unit,1,1,0,1,1,0,0,0,0,0,0,1,3.0,0.0
gsm8k_random_100,gsm8k_test_13,0,0,0,0,1,0,reasoning_greedy,direct_plus_revise,direct_plus_revise,direct_plus_revise,0,0,0,2,2,2,2.0,46.0,remaining_or_left,0,1,1,0,1,0,0,0,0,0,0,1,2.0,0.0
gsm8k_random_100,gsm8k_test_14,1,1,0,1,0,1,reasoning_greedy,direct_plus_revise,direct_plus_revise,direct_plus_revise,1,1,1,2,2,2,3.0,37.0,remaining_or_left,0,0,1,1,1,0,1,1,0,1,0,1,4.0,0.0
gsm8k_random_100,gsm8k_test_15,1,1,0,1,0,1,reasoning_greedy,direct_plus_revise,direct_plus_revise,direct_plus_revise,1,1,1,2,2,2,5.0,69.0,money,0,0,0,1,1,1,1,1,0,1,0,1,4.0,0.0
gsm8k_random_100,gsm8k_test_16,1,1,0,1,0,0,reasoning_greedy,reasoning_greedy,reasoning_greedy,reasoning_greedy,1,1,1,1,1,1,2.0,38.0,rate_or_unit,0,0,0,1,1,0,0,0,0,1,0,0,0.0,0.0
gsm8k_random_100,gsm8k_test_17,1,1,0,1,0,0,reasoning_greedy,reasoning_greedy,reasoning_greedy,reasoning_greedy,1,1,1,1,1,1,5.0,41.0,rate_or_unit,0,0,0,1,1,0,0,0,0,1,0,0,0.0,0.0
gsm8k_random_100,gsm8k_test_18,1,1,0,1,0,0,reasoning_greedy,reasoning_greedy,reasoning_greedy,reasoning_greedy,1,1,1,1,1,1,2.0,21.0,rate_or_unit,0,0,0,1,1,0,0,0,0,1,0,0,0.0,0.0
gsm8k_random_100,gsm8k_test_19,1,1,0,1,0,0,reasoning_greedy,reasoning_greedy,reasoning_greedy,reasoning_greedy,1,1,1,1,1,1,4.0,51.0,rate_or_unit,0,1,1,1,1,0,0,0,0,1,0,0,0.0,0.0
gsm8k_random_100,gsm8k_test_20,1,1,0,1,0,1,reasoning_greedy,direct_plus_revise,direct_plus_revise,direct_plus_revise,1,1,1,2,2,2,3.0,49.0,remaining_or_left,0,1,1,0,1,0,0,0,0,1,0,1,2.0,0.0
gsm8k_random_100,gsm8k_test_21,1,1,0,1,0,0,reasoning_greedy,reasoning_greedy,reasoning_greedy,reasoning_greedy,1,1,1,1,1,1,3.0,34.0,time,0,0,0,1,1,0,0,0,0,1,0,0,0.0,0.0
gsm8k_random_100,gsm8k_test_22,1,1,0,1,0,0,reasoning_greedy,direct_plus_revise,reasoning_greedy,reasoning_greedy,1,1,1,2,1,1,5.0,41.0,rate_or_unit,1,1,0,1,1,0,0,0,1,1,0,0,0.0,0.0
gsm8k_random_100,gsm8k_test_23,1,1,0,1,0,0,reasoning_greedy,reasoning_greedy,reasoning_greedy,reasoning_greedy,1,1,1,1,1,1,5.0,27.0,rate_or_unit,0,0,0,1,1,0,0,0,0,1,0,0,0.0,0.0
gsm8k_random_100,gsm8k_test_24,1,1,0,1,0,0,reasoning_greedy,reasoning_greedy,reasoning_greedy,reasoning_greedy,1,1,1,1,1,1,2.0,26.0,money,0,0,0,1,1,0,0,0,0,1,0,0,0.0,0.0
gsm8k_random_100,gsm8k_test_25,1,1,0,1,0,1,reasoning_greedy,reasoning_greedy,reasoning_greedy,direct_plus_revise,1,1,1,1,1,2,7.0,46.0,rate_or_unit,0,0,0,1,1,1,0,0,1,1,0,0,0.0,0.0
gsm8k_random_100,gsm8k_test_26,1,1,0,1,0,0,reasoning_greedy,direct_plus_revise,reasoning_greedy,reasoning_greedy,1,1,1,2,1,1,6.0,45.0,money,1,1,0,0,1,0,0,0,1,1,0,0,0.0,0.0
gsm8k_random_100,gsm8k_test_27,1,1,0,1,0,0,reasoning_greedy,reasoning_greedy,reasoning_greedy,reasoning_greedy,1,1,1,1,1,1,3.0,41.0,rate_or_unit,1,1,0,1,1,0,0,0,0,1,0,0,0.0,0.0
gsm8k_random_100,gsm8k_test_28,1,1,0,1,0,0,reasoning_greedy,reasoning_greedy,reasoning_greedy,reasoning_greedy,1,1,1,1,1,1,3.0,39.0,time,0,0,0,1,1,0,0,0,0,1,0,0,0.0,0.0
gsm8k_random_100,gsm8k_test_29,1,1,0,1,0,1,reasoning_greedy,direct_plus_revise,reasoning_greedy,direct_plus_revise,1,1,1,2,1,2,1.0,60.0,difference,0,1,1,0,1,1,0,1,0,0,0,0,0.0,0.0
gsm8k_random_100,gsm8k_test_30,1,1,0,1,0,0,reasoning_greedy,reasoning_greedy,reasoning_greedy,reasoning_greedy,1,1,1,1,1,1,4.0,24.0,total,0,0,0,1,1,0,0,0,0,1,0,0,0.0,0.0
gsm8k_random_100,gsm8k_test_31,1,1,0,1,0,1,reasoning_greedy,reasoning_greedy,direct_plus_revise,direct_plus_revise,1,1,1,1,2,2,3.0,49.0,difference,0,0,1,1,1,0,0,0,0,1,0,1,2.0,0.0
gsm8k_random_100,gsm8k_test_32,1,1,0,1,0,0,reasoning_greedy,reasoning_greedy,reasoning_greedy,reasoning_greedy,1,1,1,1,1,1,2.0,33.0,rate_or_unit,1,1,0,1,1,0,0,0,0,1,0,0,0.0,0.0
gsm8k_random_100,gsm8k_test_33,1,1,0,1,0,0,reasoning_greedy,reasoning_greedy,reasoning_greedy,reasoning_greedy,1,1,1,1,1,1,2.0,20.0,other,0,0,0,0,1,0,0,0,0,1,0,0,0.0,0.0
gsm8k_random_100,gsm8k_test_34,1,1,0,1,0,0,reasoning_greedy,reasoning_greedy,reasoning_greedy,reasoning_greedy,1,1,1,1,1,1,3.0,28.0,other,0,0,0,0,1,0,0,0,0,1,0,0,0.0,0.0
gsm8k_random_100,gsm8k_test_35,1,1,0,1,0,0,reasoning_greedy,direct_plus_revise,reasoning_greedy,reasoning_greedy,1,1,1,2,1,1,5.0,33.0,total,0,0,0,1,1,0,0,0,1,1,0,0,0.0,0.0
gsm8k_random_100,gsm8k_test_36,1,1,0,1,0,0,reasoning_greedy,reasoning_greedy,reasoning_greedy,reasoning_greedy,1,1,1,1,1,1,4.0,26.0,money,1,1,0,1,1,0,0,0,1,1,0,0,0.0,0.0
gsm8k_random_100,gsm8k_test_37,0,0,0,0,1,0,reasoning_greedy,direct_plus_revise,reasoning_greedy,direct_plus_revise,0,0,0,2,1,2,5.0,49.0,rate_or_unit,1,1,1,1,1,1,0,0,1,1,0,0,0.0,0.0
gsm8k_random_100,gsm8k_test_38,1,1,0,1,0,1,reasoning_greedy,reasoning_greedy,reasoning_greedy,direct_plus_revise,1,1,1,1,1,2,3.0,34.0,time,0,0,0,1,1,1,0,0,0,1,0,0,0.0,0.0
gsm8k_random_100,gsm8k_test_39,0,1,1,0,0,0,direct_plus_revise,direct_plus_revise,direct_plus_revise,direct_plus_revise,1,1,1,2,2,2,1.0,65.0,rate_or_unit,0,0,0,1,1,0,0,0,0,0,0,1,3.0,0.0
gsm8k_random_100,gsm8k_test_40,1,1,0,1,0,0,reasoning_greedy,reasoning_greedy,reasoning_greedy,reasoning_greedy,1,1,1,1,1,1,1.0,31.0,time,0,0,0,1,1,0,0,0,0,0,0,1,1.0,0.0
gsm8k_random_100,gsm8k_test_41,1,1,0,1,0,1,reasoning_greedy,direct_plus_revise,reasoning_greedy,direct_plus_revise,1,1,1,2,1,2,2.0,95.0,other,0,0,0,0,1,1,0,1,0,0,0,0,0.0,0.0
gsm8k_random_100,gsm8k_test_42,1,1,0,1,0,1,reasoning_greedy,direct_plus_revise,direct_plus_revise,direct_plus_revise,1,1,1,2,2,2,3.0,65.0,rate_or_unit,0,1,1,1,1,0,0,1,0,1,0,1,4.0,0.0
gsm8k_random_100,gsm8k_test_43,1,1,0,1,0,1,reasoning_greedy,reasoning_greedy,reasoning_greedy,direct_plus_revise,1,1,1,1,1,2,5.0,41.0,rate_or_unit,0,1,0,1,1,1,0,0,0,1,0,0,0.0,0.0
gsm8k_random_100,gsm8k_test_44,1,1,0,1,0,0,reasoning_greedy,reasoning_greedy,reasoning_greedy,reasoning_greedy,1,1,1,1,1,1,4.0,48.0,rate_or_unit,1,1,0,1,1,0,0,0,0,1,0,0,0.0,0.0
gsm8k_random_100,gsm8k_test_45,1,1,0,1,0,1,reasoning_greedy,reasoning_greedy,reasoning_greedy,direct_plus_revise,1,1,1,1,1,2,4.0,79.0,rate_or_unit,1,1,0,1,1,1,0,0,0,0,0,0,0.0,0.0
gsm8k_random_100,gsm8k_test_46,1,1,0,1,0,1,reasoning_greedy,direct_plus_revise,direct_plus_revise,direct_plus_revise,1,1,1,2,2,2,3.0,70.0,rate_or_unit,0,0,1,1,1,0,0,1,0,1,0,1,2.0,0.0
gsm8k_random_100,gsm8k_test_47,1,1,0,1,0,1,reasoning_greedy,direct_plus_revise,direct_plus_revise,direct_plus_revise,1,1,1,2,2,2,3.0,36.0,rate_or_unit,1,1,1,1,1,0,1,0,0,1,0,1,2.0,0.0
gsm8k_random_100,gsm8k_test_48,1,1,0,1,0,0,reasoning_greedy,reasoning_greedy,reasoning_greedy,reasoning_greedy,1,1,1,1,1,1,2.0,31.0,rate_or_unit,0,1,0,1,1,0,0,0,0,1,0,0,0.0,0.0
gsm8k_random_100,gsm8k_test_49,1,1,0,1,0,0,reasoning_greedy,reasoning_greedy,reasoning_greedy,reasoning_greedy,1,1,1,1,1,1,4.0,31.0,rate_or_unit,0,0,0,1,1,0,0,0,1,1,0,0,0.0,0.0
gsm8k_random_100,gsm8k_test_50,1,1,0,1,0,0,reasoning_greedy,reasoning_greedy,reasoning_greedy,reasoning_greedy,1,1,1,1,1,1,2.0,29.0,rate_or_unit,0,1,0,1,1,0,0,0,0,1,0,0,0.0,0.0
gsm8k_random_100,gsm8k_test_51,1,1,0,1,0,0,reasoning_greedy,reasoning_greedy,reasoning_greedy,reasoning_greedy,1,1,1,1,1,1,4.0,36.0,rate_or_unit,0,1,0,1,1,0,0,0,1,1,0,0,0.0,0.0
gsm8k_random_100,gsm8k_test_52,1,1,0,1,0,0,reasoning_greedy,reasoning_greedy,reasoning_greedy,reasoning_greedy,1,1,1,1,1,1,6.0,45.0,rate_or_unit,0,0,0,1,1,0,0,0,0,1,0,0,0.0,0.0
gsm8k_random_100,gsm8k_test_53,1,1,0,1,0,0,reasoning_greedy,reasoning_greedy,reasoning_greedy,reasoning_greedy,1,1,1,1,1,1,5.0,78.0,rate_or_unit,0,0,1,1,1,0,0,0,0,1,0,0,0.0,0.0
gsm8k_random_100,gsm8k_test_54,1,1,0,1,0,1,reasoning_greedy,direct_plus_revise,reasoning_greedy,direct_plus_revise,1,1,1,2,1,2,2.0,63.0,other,0,0,0,0,1,1,0,1,0,0,0,0,0.0,0.0
gsm8k_random_100,gsm8k_test_55,1,1,0,1,0,0,reasoning_greedy,reasoning_greedy,reasoning_greedy,reasoning_greedy,1,1,1,1,1,1,3.0,29.0,remaining_or_left,0,0,1,0,1,0,0,0,0,1,0,0,0.0,0.0
gsm8k_random_100,gsm8k_test_56,1,1,0,1,0,0,reasoning_greedy,reasoning_greedy,reasoning_greedy,reasoning_greedy,1,1,1,1,1,1,3.0,37.0,money,0,0,0,1,1,0,0,0,0,1,0,0,0.0,0.0
gsm8k_random_100,gsm8k_test_57,1,1,0,1,0,0,reasoning_greedy,reasoning_greedy,reasoning_greedy,reasoning_greedy,1,1,1,1,1,1,3.0,60.0,rate_or_unit,0,0,1,1,1,0,0,0,0,1,0,0,0.0,0.0
gsm8k_random_100,gsm8k_test_58,1,1,0,1,0,0,reasoning_greedy,reasoning_greedy,reasoning_greedy,reasoning_greedy,1,1,1,1,1,1,4.0,55.0,total,0,1,0,1,1,0,0,0,1,1,0,0,0.0,0.0
gsm8k_random_100,gsm8k_test_59,1,1,0,1,0,0,reasoning_greedy,reasoning_greedy,reasoning_greedy,reasoning_greedy,1,1,1,1,1,1,3.0,24.0,rate_or_unit,0,0,0,1,1,0,0,0,0,1,0,0,0.0,0.0
gsm8k_random_100,gsm8k_test_60,1,1,0,1,0,0,reasoning_greedy,reasoning_greedy,reasoning_greedy,reasoning_greedy,1,1,1,1,1,1,4.0,26.0,other,0,0,0,1,1,0,0,0,1,1,0,0,0.0,0.0
gsm8k_random_100,gsm8k_test_61,1,1,0,1,0,0,reasoning_greedy,reasoning_greedy,reasoning_greedy,reasoning_greedy,1,1,1,1,1,1,3.0,42.0,money,1,1,0,1,1,0,0,0,0,1,0,0,0.0,0.0
gsm8k_random_100,gsm8k_test_62,0,0,0,0,1,0,reasoning_greedy,direct_plus_revise,reasoning_greedy,reasoning_greedy,0,0,0,2,1,1,5.0,46.0,rate_or_unit,0,0,0,1,1,0,0,0,1,1,0,0,0.0,0.0
gsm8k_random_100,gsm8k_test_63,1,1,0,1,0,1,reasoning_greedy,reasoning_greedy,reasoning_greedy,direct_plus_revise,1,1,1,1,1,2,2.0,59.0,rate_or_unit,0,1,0,1,1,1,0,0,0,1,0,0,0.0,0.0
gsm8k_random_100,gsm8k_test_64,1,1,0,1,0,0,reasoning_greedy,reasoning_greedy,reasoning_greedy,reasoning_greedy,1,1,1,1,1,1,3.0,79.0,other,0,0,0,0,1,0,0,0,0,1,0,0,0.0,0.0
gsm8k_random_100,gsm8k_test_65,1,1,0,1,0,0,reasoning_greedy,reasoning_greedy,reasoning_greedy,reasoning_greedy,1,1,1,1,1,1,3.0,39.0,time,1,1,0,1,1,0,0,0,0,1,0,0,0.0,0.0
gsm8k_random_100,gsm8k_test_66,1,1,0,1,0,0,reasoning_greedy,reasoning_greedy,reasoning_greedy,reasoning_greedy,1,1,1,1,1,1,1.0,50.0,rate_or_unit,0,1,0,1,1,0,0,0,0,1,0,0,0.0,0.0
gsm8k_random_100,gsm8k_test_67,1,1,0,1,0,0,reasoning_greedy,reasoning_greedy,reasoning_greedy,reasoning_greedy,1,1,1,1,1,1,2.0,39.0,other,0,0,0,0,1,0,0,0,0,1,0,0,0.0,0.0
gsm8k_random_100,gsm8k_test_68,1,1,0,1,0,0,reasoning_greedy,reasoning_greedy,reasoning_greedy,reasoning_greedy,1,1,1,1,1,1,2.0,28.0,rate_or_unit,0,0,0,1,1,0,0,0,0,1,0,0,0.0,0.0
gsm8k_random_100,gsm8k_test_69,1,1,0,1,0,0,reasoning_greedy,reasoning_greedy,reasoning_greedy,reasoning_greedy,1,1,1,1,1,1,4.0,40.0,total,0,1,0,1,1,0,0,0,0,1,0,0,0.0,0.0
gsm8k_random_100,gsm8k_test_70,1,1,0,1,0,0,reasoning_greedy,reasoning_greedy,reasoning_greedy,reasoning_greedy,1,1,1,1,1,1,5.0,36.0,rate_or_unit,0,0,0,1,1,0,0,0,1,1,0,0,0.0,0.0
gsm8k_random_100,gsm8k_test_71,1,1,0,1,0,1,reasoning_greedy,direct_plus_revise,direct_plus_revise,direct_plus_revise,1,1,1,2,2,2,1.0,37.0,time,0,0,0,1,1,0,1,0,0,1,0,1,2.0,0.0
gsm8k_random_100,gsm8k_test_72,1,1,0,1,0,0,reasoning_greedy,reasoning_greedy,reasoning_greedy,reasoning_greedy,1,1,1,1,1,1,4.0,35.0,money,0,1,0,0,1,0,0,0,0,1,0,0,0.0,0.0
gsm8k_random_100,gsm8k_test_73,1,1,0,1,0,1,reasoning_greedy,reasoning_greedy,reasoning_greedy,direct_plus_revise,1,1,1,1,1,2,4.0,31.0,rate_or_unit,1,0,0,1,1,1,0,0,1,1,0,0,0.0,0.0
gsm8k_random_100,gsm8k_test_74,1,1,0,1,0,0,reasoning_greedy,direct_plus_revise,reasoning_greedy,reasoning_greedy,1,1,1,2,1,1,6.0,77.0,rate_or_unit,0,1,0,1,1,0,0,0,0,1,0,0,0.0,0.0
gsm8k_random_100,gsm8k_test_75,0,0,0,0,1,0,reasoning_greedy,reasoning_greedy,reasoning_greedy,reasoning_greedy,0,0,0,1,1,1,2.0,55.0,rate_or_unit,0,0,0,1,1,0,0,0,0,1,0,0,0.0,0.0
gsm8k_random_100,gsm8k_test_76,1,1,0,1,0,0,reasoning_greedy,reasoning_greedy,reasoning_greedy,reasoning_greedy,1,1,1,1,1,1,4.0,70.0,rate_or_unit,0,1,0,1,1,0,0,0,0,1,0,0,0.0,0.0
gsm8k_random_100,gsm8k_test_77,1,1,0,1,0,0,reasoning_greedy,reasoning_greedy,reasoning_greedy,reasoning_greedy,1,1,1,1,1,1,2.0,38.0,difference,0,0,1,0,1,0,0,0,0,1,0,0,0.0,0.0
gsm8k_random_100,gsm8k_test_78,1,1,0,1,0,0,reasoning_greedy,reasoning_greedy,reasoning_greedy,reasoning_greedy,1,1,1,1,1,1,5.0,31.0,money,1,0,0,0,1,0,0,0,0,0,0,1,1.0,0.0
gsm8k_random_100,gsm8k_test_79,1,1,0,1,0,0,reasoning_greedy,reasoning_greedy,reasoning_greedy,reasoning_greedy,1,1,1,1,1,1,2.0,32.0,money,0,0,0,1,1,0,0,0,0,1,0,0,0.0,0.0
gsm8k_random_100,gsm8k_test_80,1,1,0,1,0,0,reasoning_greedy,reasoning_greedy,reasoning_greedy,reasoning_greedy,1,1,1,1,1,1,4.0,26.0,rate_or_unit,0,1,1,1,1,0,0,0,1,1,0,0,0.0,0.0
gsm8k_random_100,gsm8k_test_81,1,1,0,1,0,0,reasoning_greedy,reasoning_greedy,reasoning_greedy,reasoning_greedy,1,1,1,1,1,1,5.0,46.0,remaining_or_left,1,1,1,0,1,0,0,0,1,1,0,0,0.0,0.0
gsm8k_random_100,gsm8k_test_82,1,1,0,1,0,0,reasoning_greedy,reasoning_greedy,reasoning_greedy,reasoning_greedy,1,1,1,1,1,1,3.0,22.0,difference,0,0,1,0,1,0,0,0,0,1,0,0,0.0,0.0
gsm8k_random_100,gsm8k_test_83,1,1,0,1,0,0,reasoning_greedy,reasoning_greedy,reasoning_greedy,reasoning_greedy,1,1,1,1,1,1,3.0,22.0,rate_or_unit,0,0,0,1,1,0,0,0,0,1,0,0,0.0,0.0
gsm8k_random_100,gsm8k_test_84,1,1,0,1,0,0,reasoning_greedy,reasoning_greedy,reasoning_greedy,reasoning_greedy,1,1,1,1,1,1,2.0,18.0,difference,1,1,1,0,1,0,0,0,0,1,0,0,0.0,0.0
gsm8k_random_100,gsm8k_test_85,1,1,0,1,0,0,reasoning_greedy,reasoning_greedy,reasoning_greedy,reasoning_greedy,1,1,1,1,1,1,2.0,70.0,rate_or_unit,0,0,0,1,1,0,0,0,0,1,0,0,0.0,0.0
gsm8k_random_100,gsm8k_test_86,1,1,0,1,0,1,reasoning_greedy,direct_plus_revise,reasoning_greedy,direct_plus_revise,1,1,1,2,1,2,0.0,78.0,total,0,0,0,1,1,1,0,1,0,0,0,0,0.0,0.0
gsm8k_random_100,gsm8k_test_87,0,0,0,0,1,0,reasoning_greedy,reasoning_greedy,reasoning_greedy,reasoning_greedy,0,0,0,1,1,1,3.0,64.0,rate_or_unit,0,0,0,1,1,0,0,0,0,1,0,0,0.0,0.0
gsm8k_random_100,gsm8k_test_88,1,1,0,1,0,1,reasoning_greedy,direct_plus_revise,direct_plus_revise,direct_plus_revise,1,1,1,2,2,2,2.0,23.0,total,1,1,0,0,1,0,1,0,0,1,0,1,2.0,0.0
gsm8k_random_100,gsm8k_test_89,0,0,0,0,1,0,reasoning_greedy,direct_plus_revise,reasoning_greedy,reasoning_greedy,0,0,0,2,1,1,5.0,35.0,rate_or_unit,0,1,0,1,1,0,0,0,1,1,0,0,0.0,0.0
gsm8k_random_100,gsm8k_test_90,1,1,0,1,0,0,reasoning_greedy,reasoning_greedy,reasoning_greedy,reasoning_greedy,1,1,1,1,1,1,3.0,72.0,money,0,0,0,0,1,0,0,0,0,1,0,0,0.0,0.0
gsm8k_random_100,gsm8k_test_91,1,1,0,1,0,0,reasoning_greedy,reasoning_greedy,reasoning_greedy,reasoning_greedy,1,1,1,1,1,1,0.0,30.0,total,0,0,0,0,1,0,0,0,0,1,0,0,0.0,0.0
gsm8k_random_100,gsm8k_test_92,1,1,0,1,0,0,reasoning_greedy,reasoning_greedy,reasoning_greedy,reasoning_greedy,1,1,1,1,1,1,5.0,38.0,time,0,0,0,1,1,0,0,0,0,1,0,0,0.0,0.0
gsm8k_random_100,gsm8k_test_93,1,1,0,1,0,0,reasoning_greedy,reasoning_greedy,reasoning_greedy,reasoning_greedy,1,1,1,1,1,1,6.0,54.0,time,0,1,0,1,1,0,0,0,0,1,0,0,0.0,0.0
gsm8k_random_100,gsm8k_test_94,1,1,0,1,0,0,reasoning_greedy,reasoning_greedy,reasoning_greedy,reasoning_greedy,1,1,1,1,1,1,1.0,44.0,rate_or_unit,0,0,1,1,1,0,0,0,0,1,0,0,0.0,0.0
gsm8k_random_100,gsm8k_test_95,1,1,0,1,0,1,reasoning_greedy,reasoning_greedy,reasoning_greedy,direct_plus_revise,1,1,1,1,1,2,6.0,29.0,other,0,0,0,1,1,1,0,0,1,1,0,0,0.0,0.0
gsm8k_random_100,gsm8k_test_96,1,1,0,1,0,0,reasoning_greedy,reasoning_greedy,reasoning_greedy,reasoning_greedy,1,1,1,1,1,1,3.0,25.0,difference,0,0,1,1,1,0,0,0,0,1,0,0,0.0,0.0
gsm8k_random_100,gsm8k_test_97,1,1,0,1,0,1,reasoning_greedy,direct_plus_revise,direct_plus_revise,direct_plus_revise,1,1,1,2,2,2,2.0,41.0,rate_or_unit,1,1,0,1,1,1,1,1,0,0,0,1,2.0,0.0
gsm8k_random_100,gsm8k_test_98,0,1,1,0,0,0,direct_plus_revise,direct_plus_revise,direct_plus_revise,direct_plus_revise,1,1,1,2,2,2,6.0,76.0,remaining_or_left,0,1,1,1,1,1,0,1,0,1,0,1,2.0,0.0
gsm8k_random_100,gsm8k_test_99,1,1,0,1,0,1,reasoning_greedy,direct_plus_revise,direct_plus_revise,direct_plus_revise,1,1,1,2,2,2,4.0,63.0,rate_or_unit,1,0,0,1,1,0,0,1,1,1,0,1,4.0,0.0
hard_gsm8k_100,gsm8k_test_1166,1,1,0,1,0,0,reasoning_greedy,reasoning_greedy,reasoning_greedy,reasoning_greedy,1,1,1,1,1,1,12.0,78.0,difference,0,1,1,1,1,0,0,0,0,1,0,0,0.0,0.0
hard_gsm8k_100,gsm8k_test_1011,1,1,0,1,0,0,reasoning_greedy,reasoning_greedy,reasoning_greedy,reasoning_greedy,1,1,1,1,1,1,9.0,106.0,remaining_or_left,0,0,1,1,1,0,0,0,0,1,0,0,0.0,0.0
hard_gsm8k_100,gsm8k_test_936,1,1,0,1,0,0,reasoning_greedy,direct_plus_revise,reasoning_greedy,reasoning_greedy,1,1,1,2,1,1,11.0,83.0,rate_or_unit,1,1,0,1,1,0,0,0,1,1,0,0,0.0,0.0
hard_gsm8k_100,gsm8k_test_183,1,1,0,1,0,1,reasoning_greedy,direct_plus_revise,reasoning_greedy,direct_plus_revise,1,1,1,2,1,2,8.0,102.0,rate_or_unit,0,1,0,1,1,1,0,0,1,1,1,0,0.0,4.0
hard_gsm8k_100,gsm8k_test_505,0,1,1,0,0,0,direct_plus_revise,direct_plus_revise,reasoning_greedy,reasoning_greedy,1,0,0,2,1,1,13.0,76.0,money,1,1,0,0,1,0,0,0,0,0,0,1,1.0,0.0
hard_gsm8k_100,gsm8k_test_410,1,1,0,1,0,1,reasoning_greedy,direct_plus_revise,direct_plus_revise,direct_plus_revise,1,1,1,2,2,2,10.0,65.0,rate_or_unit,1,1,1,1,1,0,0,1,1,1,0,1,4.0,0.0
hard_gsm8k_100,gsm8k_test_147,1,1,0,1,0,1,reasoning_greedy,reasoning_greedy,direct_plus_revise,direct_plus_revise,1,1,1,1,2,2,8.0,104.0,rate_or_unit,0,1,1,1,1,1,0,0,0,1,0,1,2.0,0.0
hard_gsm8k_100,gsm8k_test_812,1,1,0,1,0,1,reasoning_greedy,direct_plus_revise,direct_plus_revise,direct_plus_revise,1,1,1,2,2,2,9.0,92.0,rate_or_unit,0,1,1,1,1,0,1,1,1,1,0,1,6.0,0.0
hard_gsm8k_100,gsm8k_test_1199,0,0,0,0,1,0,reasoning_greedy,reasoning_greedy,reasoning_greedy,direct_plus_revise,0,0,0,1,1,2,5.0,128.0,rate_or_unit,0,1,1,1,1,1,0,0,0,1,0,0,0.0,0.0
hard_gsm8k_100,gsm8k_test_1077,0,1,1,0,0,0,direct_plus_revise,reasoning_greedy,reasoning_greedy,reasoning_greedy,0,0,0,1,1,1,3.0,164.0,total,0,0,0,1,1,0,0,0,0,1,0,0,0.0,0.0
hard_gsm8k_100,gsm8k_test_926,0,1,1,0,0,0,direct_plus_revise,direct_plus_revise,reasoning_greedy,reasoning_greedy,1,0,0,2,1,1,8.0,103.0,rate_or_unit,1,1,0,1,1,0,0,0,0,0,0,1,1.0,0.0
hard_gsm8k_100,gsm8k_test_369,1,1,0,1,0,1,reasoning_greedy,direct_plus_revise,direct_plus_revise,direct_plus_revise,1,1,1,2,2,2,8.0,69.0,rate_or_unit,1,1,0,1,1,0,1,0,1,1,0,1,2.0,0.0
hard_gsm8k_100,gsm8k_test_144,1,1,0,1,0,0,reasoning_greedy,reasoning_greedy,reasoning_greedy,reasoning_greedy,1,1,1,1,1,1,6.0,110.0,rate_or_unit,0,0,1,1,1,0,0,0,0,1,0,0,0.0,0.0
hard_gsm8k_100,gsm8k_test_1176,0,0,0,0,1,0,reasoning_greedy,direct_plus_revise,reasoning_greedy,direct_plus_revise,0,0,0,2,1,2,5.0,124.0,rate_or_unit,1,1,1,1,1,1,0,1,0,0,0,0,0.0,0.0
hard_gsm8k_100,gsm8k_test_1209,1,1,0,1,0,0,reasoning_greedy,reasoning_greedy,reasoning_greedy,reasoning_greedy,1,1,1,1,1,1,4.0,129.0,rate_or_unit,1,1,0,1,1,0,0,0,0,1,0,0,0.0,0.0
hard_gsm8k_100,gsm8k_test_115,0,1,1,0,0,0,direct_plus_revise,direct_plus_revise,direct_plus_revise,direct_plus_revise,1,1,1,2,2,2,9.0,70.0,rate_or_unit,1,1,1,1,1,0,0,0,1,0,0,1,3.0,0.0
hard_gsm8k_100,gsm8k_test_729,1,1,0,1,0,1,reasoning_greedy,reasoning_greedy,reasoning_greedy,direct_plus_revise,1,1,1,1,1,2,11.0,46.0,remaining_or_left,0,0,1,1,1,1,0,0,1,0,0,0,0.0,0.0
hard_gsm8k_100,gsm8k_test_1264,1,1,0,1,0,0,reasoning_greedy,direct_plus_revise,reasoning_greedy,reasoning_greedy,1,1,1,2,1,1,5.0,112.0,rate_or_unit,1,1,0,1,1,0,0,0,1,1,0,0,0.0,0.0
hard_gsm8k_100,gsm8k_test_1297,0,1,1,0,0,0,direct_plus_revise,direct_plus_revise,direct_plus_revise,direct_plus_revise,1,1,1,2,2,2,9.0,70.0,rate_or_unit,1,1,0,1,1,0,0,0,1,0,0,1,2.0,0.0
hard_gsm8k_100,gsm8k_test_1195,1,1,0,1,0,1,reasoning_greedy,reasoning_greedy,reasoning_greedy,direct_plus_revise,1,1,1,1,1,2,7.0,95.0,total,0,0,0,1,1,1,0,0,0,0,0,0,0.0,0.0
hard_gsm8k_100,gsm8k_test_1029,1,1,0,1,0,0,reasoning_greedy,reasoning_greedy,reasoning_greedy,reasoning_greedy,1,1,1,1,1,1,6.0,94.0,remaining_or_left,1,1,1,1,1,0,0,0,1,1,0,0,0.0,0.0
hard_gsm8k_100,gsm8k_test_882,0,1,1,0,0,0,direct_plus_revise,direct_plus_revise,direct_plus_revise,direct_plus_revise,1,1,1,2,2,2,7.0,95.0,rate_or_unit,0,1,1,1,1,0,1,1,0,0,1,1,7.0,2.0
hard_gsm8k_100,gsm8k_test_968,1,1,0,1,0,0,reasoning_greedy,direct_plus_revise,reasoning_greedy,reasoning_greedy,1,1,1,2,1,1,7.0,94.0,time,1,0,0,1,1,0,0,0,0,1,1,0,0.0,3.0
hard_gsm8k_100,gsm8k_test_1012,0,0,0,0,1,0,reasoning_greedy,direct_plus_revise,direct_plus_revise,direct_plus_revise,0,0,0,2,2,2,5.0,101.0,rate_or_unit,0,1,1,1,1,1,0,1,0,0,0,1,2.0,0.0
hard_gsm8k_100,gsm8k_test_876,1,1,0,1,0,1,reasoning_greedy,reasoning_greedy,reasoning_greedy,direct_plus_revise,1,1,1,1,1,2,8.0,65.0,rate_or_unit,0,0,0,1,1,1,0,0,0,1,0,0,0.0,0.0
hard_gsm8k_100,gsm8k_test_107,1,0,0,1,0,0,reasoning_greedy,reasoning_greedy,reasoning_greedy,reasoning_greedy,1,1,1,1,1,1,7.0,86.0,rate_or_unit,0,0,0,1,1,0,0,0,0,1,0,0,0.0,0.0
hard_gsm8k_100,gsm8k_test_935,0,1,1,0,0,0,direct_plus_revise,direct_plus_revise,reasoning_greedy,reasoning_greedy,1,0,0,2,1,1,9.0,59.0,rate_or_unit,0,1,1,1,1,0,0,0,0,0,0,1,1.0,0.0
hard_gsm8k_100,gsm8k_test_965,1,1,0,1,0,0,reasoning_greedy,reasoning_greedy,reasoning_greedy,reasoning_greedy,1,1,1,1,1,1,6.0,107.0,rate_or_unit,0,1,0,1,1,0,0,0,0,1,0,0,0.0,0.0
hard_gsm8k_100,gsm8k_test_780,0,1,1,0,0,0,direct_plus_revise,direct_plus_revise,reasoning_greedy,direct_plus_revise,1,0,1,2,1,2,6.0,95.0,rate_or_unit,1,0,1,1,1,1,0,1,0,0,0,0,0.0,0.0
hard_gsm8k_100,gsm8k_test_227,1,1,0,1,0,0,reasoning_greedy,reasoning_greedy,reasoning_greedy,reasoning_greedy,1,1,1,1,1,1,8.0,67.0,rate_or_unit,1,1,0,1,1,0,0,0,1,1,0,0,0.0,0.0
hard_gsm8k_100,gsm8k_test_310,1,1,0,1,0,0,reasoning_greedy,reasoning_greedy,reasoning_greedy,reasoning_greedy,1,1,1,1,1,1,8.0,72.0,rate_or_unit,1,1,1,1,1,0,0,0,0,1,0,0,0.0,0.0
hard_gsm8k_100,gsm8k_test_8,1,1,0,1,0,1,reasoning_greedy,direct_plus_revise,direct_plus_revise,direct_plus_revise,1,1,1,2,2,2,8.0,82.0,remaining_or_left,0,1,1,1,1,0,0,1,0,1,0,1,2.0,0.0
hard_gsm8k_100,gsm8k_test_177,1,1,0,1,0,1,reasoning_greedy,direct_plus_revise,direct_plus_revise,direct_plus_revise,1,1,1,2,2,2,7.0,66.0,rate_or_unit,1,0,1,1,1,0,1,0,0,1,0,1,2.0,0.0
hard_gsm8k_100,gsm8k_test_966,1,1,0,1,0,1,reasoning_greedy,direct_plus_revise,reasoning_greedy,direct_plus_revise,1,1,1,2,1,2,6.0,77.0,remaining_or_left,0,1,1,1,1,1,0,1,0,0,0,0,0.0,0.0
hard_gsm8k_100,gsm8k_test_186,1,0,0,1,0,1,reasoning_greedy,direct_plus_revise,reasoning_greedy,direct_plus_revise,0,1,0,2,1,2,6.0,96.0,rate_or_unit,0,1,0,1,1,1,0,0,0,1,0,0,0.0,0.0
hard_gsm8k_100,gsm8k_test_423,0,0,0,0,1,0,reasoning_greedy,direct_plus_revise,direct_plus_revise,direct_plus_revise,0,0,0,2,2,2,5.0,87.0,difference,1,0,1,1,1,0,0,1,0,0,0,1,6.0,0.0
hard_gsm8k_100,gsm8k_test_165,1,1,0,1,0,1,reasoning_greedy,direct_plus_revise,direct_plus_revise,direct_plus_revise,1,1,1,2,2,2,6.0,88.0,remaining_or_left,1,1,1,0,1,0,0,1,1,1,1,1,2.0,2.0
hard_gsm8k_100,gsm8k_test_798,0,0,0,0,1,0,reasoning_greedy,direct_plus_revise,direct_plus_revise,direct_plus_revise,0,0,0,2,2,2,6.0,83.0,rate_or_unit,1,1,1,1,1,1,0,1,0,0,0,1,2.0,0.0
hard_gsm8k_100,gsm8k_test_710,1,1,0,1,0,0,reasoning_greedy,reasoning_greedy,reasoning_greedy,reasoning_greedy,1,1,1,1,1,1,9.0,48.0,rate_or_unit,0,0,0,1,1,0,0,0,1,1,0,0,0.0,0.0
hard_gsm8k_100,gsm8k_test_953,1,1,0,1,0,0,reasoning_greedy,direct_plus_revise,reasoning_greedy,reasoning_greedy,1,1,1,2,1,1,7.0,81.0,time,0,1,0,1,1,0,0,0,1,1,0,0,0.0,0.0
hard_gsm8k_100,gsm8k_test_1014,1,1,0,1,0,0,reasoning_greedy,direct_plus_revise,reasoning_greedy,reasoning_greedy,1,1,1,2,1,1,9.0,56.0,rate_or_unit,1,0,0,1,1,0,0,0,0,1,0,0,0.0,0.0
hard_gsm8k_100,gsm8k_test_1122,0,0,0,0,1,0,reasoning_greedy,direct_plus_revise,direct_plus_revise,direct_plus_revise,0,0,0,2,2,2,8.0,77.0,rate_or_unit,0,0,0,1,1,0,0,0,1,0,0,1,3.0,0.0
hard_gsm8k_100,gsm8k_test_737,1,1,0,1,0,1,reasoning_greedy,reasoning_greedy,direct_plus_revise,direct_plus_revise,1,1,1,1,2,2,8.0,60.0,rate_or_unit,0,0,1,1,1,0,0,0,0,1,0,1,2.0,0.0
hard_gsm8k_100,gsm8k_test_210,1,1,0,1,0,0,reasoning_greedy,reasoning_greedy,reasoning_greedy,reasoning_greedy,1,1,1,1,1,1,7.0,77.0,rate_or_unit,1,0,0,1,1,0,0,0,0,1,0,0,0.0,0.0
hard_gsm8k_100,gsm8k_test_696,1,1,0,1,0,0,reasoning_greedy,reasoning_greedy,reasoning_greedy,reasoning_greedy,1,1,1,1,1,1,6.0,83.0,difference,1,0,1,1,1,0,0,0,0,1,0,0,0.0,0.0
hard_gsm8k_100,gsm8k_test_1218,1,1,0,1,0,1,reasoning_greedy,direct_plus_revise,reasoning_greedy,direct_plus_revise,1,1,1,2,1,2,6.0,87.0,rate_or_unit,1,1,0,1,1,1,0,0,0,1,0,0,0.0,0.0
hard_gsm8k_100,gsm8k_test_916,1,1,0,1,0,1,reasoning_greedy,direct_plus_revise,direct_plus_revise,direct_plus_revise,1,1,1,2,2,2,6.0,76.0,rate_or_unit,1,1,1,1,1,0,1,1,1,1,0,1,6.0,0.0
hard_gsm8k_100,gsm8k_test_601,1,1,0,1,0,0,reasoning_greedy,reasoning_greedy,reasoning_greedy,reasoning_greedy,1,1,1,1,1,1,6.0,84.0,rate_or_unit,1,1,0,1,1,0,0,0,1,0,0,1,1.0,0.0
hard_gsm8k_100,gsm8k_test_640,1,1,0,1,0,0,reasoning_greedy,direct_plus_revise,reasoning_greedy,reasoning_greedy,1,1,1,2,1,1,4.0,97.0,difference,0,1,1,0,1,0,0,0,1,1,0,0,0.0,0.0
hard_gsm8k_100,gsm8k_test_650,1,1,0,1,0,1,reasoning_greedy,reasoning_greedy,reasoning_greedy,direct_plus_revise,1,1,1,1,1,2,6.0,69.0,rate_or_unit,1,1,1,1,1,1,0,0,0,1,0,0,0.0,0.0
hard_gsm8k_100,gsm8k_test_677,1,1,0,1,0,0,reasoning_greedy,reasoning_greedy,reasoning_greedy,reasoning_greedy,1,1,1,1,1,1,3.0,97.0,rate_or_unit,1,1,0,1,1,0,0,0,0,1,0,0,0.0,0.0
hard_gsm8k_100,gsm8k_test_1306,1,1,0,1,0,1,reasoning_greedy,direct_plus_revise,direct_plus_revise,direct_plus_revise,1,1,1,2,2,2,4.0,100.0,difference,1,1,1,0,1,0,0,0,1,1,0,1,2.0,0.0
hard_gsm8k_100,gsm8k_test_659,1,1,0,1,0,0,reasoning_greedy,reasoning_greedy,reasoning_greedy,reasoning_greedy,1,1,1,1,1,1,10.0,41.0,difference,0,0,1,1,1,0,0,0,0,1,0,0,0.0,0.0
hard_gsm8k_100,gsm8k_test_831,1,1,0,1,0,0,reasoning_greedy,direct_plus_revise,reasoning_greedy,reasoning_greedy,1,1,1,2,1,1,9.0,51.0,rate_or_unit,0,0,0,1,1,0,0,0,1,1,0,0,0.0,0.0
hard_gsm8k_100,gsm8k_test_1215,0,1,1,0,0,0,direct_plus_revise,direct_plus_revise,reasoning_greedy,reasoning_greedy,1,0,0,2,1,1,7.0,84.0,other,0,1,0,1,1,0,0,0,1,0,0,1,1.0,0.0
hard_gsm8k_100,gsm8k_test_459,1,1,0,1,0,0,reasoning_greedy,reasoning_greedy,reasoning_greedy,reasoning_greedy,1,1,1,1,1,1,5.0,109.0,money,0,0,0,0,1,0,0,0,0,1,0,0,0.0,0.0
hard_gsm8k_100,gsm8k_test_721,1,1,0,1,0,1,reasoning_greedy,direct_plus_revise,reasoning_greedy,direct_plus_revise,1,1,1,2,1,2,5.0,96.0,rate_or_unit,0,0,1,1,1,1,0,1,0,0,0,0,0.0,0.0
hard_gsm8k_100,gsm8k_test_1230,1,1,0,1,0,1,reasoning_greedy,direct_plus_revise,reasoning_greedy,direct_plus_revise,1,1,1,2,1,2,6.0,77.0,rate_or_unit,0,0,0,1,1,1,0,1,0,0,0,0,0.0,0.0
hard_gsm8k_100,gsm8k_test_1088,0,1,1,0,0,0,direct_plus_revise,direct_plus_revise,direct_plus_revise,direct_plus_revise,1,1,1,2,2,2,6.0,60.0,rate_or_unit,1,1,0,1,1,0,0,0,1,0,0,1,3.0,0.0
hard_gsm8k_100,gsm8k_test_45,1,1,0,1,0,1,reasoning_greedy,reasoning_greedy,reasoning_greedy,direct_plus_revise,1,1,1,1,1,2,4.0,79.0,rate_or_unit,1,1,0,1,1,1,0,0,0,0,0,0,0.0,0.0
hard_gsm8k_100,gsm8k_test_331,0,1,1,0,0,0,direct_plus_revise,direct_plus_revise,reasoning_greedy,reasoning_greedy,1,0,0,2,1,1,6.0,77.0,rate_or_unit,1,0,1,1,1,0,0,0,0,0,0,1,1.0,0.0
hard_gsm8k_100,gsm8k_test_494,1,1,0,1,0,0,reasoning_greedy,reasoning_greedy,reasoning_greedy,reasoning_greedy,1,1,1,1,1,1,10.0,57.0,other,0,1,0,0,1,0,0,0,0,1,0,0,0.0,0.0
hard_gsm8k_100,gsm8k_test_100,1,1,0,1,0,0,reasoning_greedy,reasoning_greedy,reasoning_greedy,reasoning_greedy,1,1,1,1,1,1,6.0,71.0,difference,0,0,1,1,1,0,0,0,0,1,0,0,0.0,0.0
hard_gsm8k_100,gsm8k_test_1216,1,1,0,1,0,1,reasoning_greedy,direct_plus_revise,direct_plus_revise,direct_plus_revise,1,1,1,2,2,2,5.0,76.0,remaining_or_left,0,0,1,1,1,1,0,1,0,0,0,1,2.0,0.0
hard_gsm8k_100,gsm8k_test_325,1,1,0,1,0,0,reasoning_greedy,reasoning_greedy,reasoning_greedy,reasoning_greedy,1,1,1,1,1,1,5.0,60.0,rate_or_unit,1,0,1,1,1,0,0,0,0,1,0,0,0.0,0.0
hard_gsm8k_100,gsm8k_test_948,1,1,0,1,0,1,reasoning_greedy,reasoning_greedy,direct_plus_revise,direct_plus_revise,1,1,1,1,2,2,6.0,69.0,rate_or_unit,1,1,0,1,1,0,0,0,0,1,0,1,2.0,0.0
hard_gsm8k_100,gsm8k_test_137,1,1,0,1,0,0,reasoning_greedy,reasoning_greedy,reasoning_greedy,reasoning_greedy,1,1,1,1,1,1,8.0,45.0,rate_or_unit,1,1,0,1,1,0,0,0,1,1,0,0,0.0,0.0
hard_gsm8k_100,gsm8k_test_615,1,1,0,1,0,0,reasoning_greedy,direct_plus_revise,reasoning_greedy,reasoning_greedy,1,1,1,2,1,1,8.0,51.0,rate_or_unit,1,1,0,1,1,0,0,0,1,1,0,0,0.0,0.0
hard_gsm8k_100,gsm8k_test_265,1,1,0,1,0,0,reasoning_greedy,direct_plus_revise,reasoning_greedy,reasoning_greedy,1,1,1,2,1,1,6.0,73.0,difference,0,1,1,1,1,0,0,0,1,1,0,0,0.0,0.0
hard_gsm8k_100,gsm8k_test_53,1,1,0,1,0,0,reasoning_greedy,reasoning_greedy,reasoning_greedy,reasoning_greedy,1,1,1,1,1,1,5.0,78.0,rate_or_unit,0,0,1,1,1,0,0,0,0,1,0,0,0.0,0.0
hard_gsm8k_100,gsm8k_test_770,1,1,0,1,0,1,reasoning_greedy,direct_plus_revise,direct_plus_revise,direct_plus_revise,1,1,1,2,2,2,4.0,88.0,rate_or_unit,1,1,1,1,1,0,1,0,1,1,0,1,2.0,0.0
hard_gsm8k_100,gsm8k_test_1301,1,1,0,1,0,1,reasoning_greedy,direct_plus_revise,reasoning_greedy,direct_plus_revise,1,1,1,2,1,2,7.0,57.0,rate_or_unit,1,1,0,1,1,1,0,0,1,1,0,0,0.0,0.0
hard_gsm8k_100,gsm8k_test_746,1,1,0,1,0,0,reasoning_greedy,reasoning_greedy,reasoning_greedy,reasoning_greedy,1,1,1,1,1,1,6.0,77.0,rate_or_unit,0,0,0,1,1,0,0,0,0,1,0,0,0.0,0.0
hard_gsm8k_100,gsm8k_test_1161,1,0,0,1,0,1,reasoning_greedy,direct_plus_revise,direct_plus_revise,direct_plus_revise,0,0,0,2,2,2,6.0,55.0,rate_or_unit,1,1,1,1,1,0,1,1,0,1,0,1,6.0,0.0
hard_gsm8k_100,gsm8k_test_837,0,0,0,0,1,0,reasoning_greedy,reasoning_greedy,reasoning_greedy,reasoning_greedy,0,0,0,1,1,1,5.0,100.0,money,1,1,0,1,1,0,0,0,0,1,0,0,0.0,0.0
hard_gsm8k_100,gsm8k_test_1244,1,1,0,1,0,1,reasoning_greedy,direct_plus_revise,reasoning_greedy,direct_plus_revise,1,1,1,2,1,2,7.0,65.0,total,0,0,0,1,1,1,0,0,0,1,0,0,0.0,0.0
hard_gsm8k_100,gsm8k_test_1071,1,1,0,1,0,0,reasoning_greedy,direct_plus_revise,reasoning_greedy,reasoning_greedy,1,1,1,2,1,1,7.0,62.0,rate_or_unit,0,1,0,1,1,0,0,0,1,1,0,0,0.0,0.0
hard_gsm8k_100,gsm8k_test_642,1,1,0,1,0,0,reasoning_greedy,direct_plus_revise,reasoning_greedy,reasoning_greedy,1,1,1,2,1,1,7.0,45.0,rate_or_unit,0,1,0,1,1,0,0,0,1,1,0,0,0.0,0.0
hard_gsm8k_100,gsm8k_test_840,1,0,0,1,0,1,reasoning_greedy,direct_plus_revise,direct_plus_revise,direct_plus_revise,0,0,0,2,2,2,7.0,47.0,remaining_or_left,0,1,1,1,1,0,1,1,0,1,0,1,4.0,0.0
hard_gsm8k_100,gsm8k_test_1053,1,1,0,1,0,0,reasoning_greedy,reasoning_greedy,reasoning_greedy,reasoning_greedy,1,1,1,1,1,1,5.0,78.0,difference,1,1,1,0,1,0,0,0,1,1,0,0,0.0,0.0
hard_gsm8k_100,gsm8k_test_98,1,1,0,1,0,1,reasoning_greedy,direct_plus_revise,direct_plus_revise,direct_plus_revise,1,1,1,2,2,2,6.0,76.0,remaining_or_left,0,1,1,1,1,0,0,1,0,1,0,1,4.0,0.0
hard_gsm8k_100,gsm8k_test_754,1,0,0,1,0,0,reasoning_greedy,direct_plus_revise,reasoning_greedy,reasoning_greedy,0,1,1,2,1,1,4.0,84.0,rate_or_unit,0,0,0,1,1,0,0,0,1,1,0,0,0.0,0.0
hard_gsm8k_100,gsm8k_test_862,1,1,0,1,0,1,reasoning_greedy,direct_plus_revise,direct_plus_revise,direct_plus_revise,1,1,1,2,2,2,7.0,58.0,rate_or_unit,0,1,0,1,1,0,1,0,0,1,0,1,2.0,0.0
hard_gsm8k_100,gsm8k_test_340,0,0,0,0,1,0,reasoning_greedy,direct_plus_revise,reasoning_greedy,direct_plus_revise,0,0,0,2,1,2,3.0,102.0,rate_or_unit,1,1,0,1,1,1,0,1,0,0,0,0,0.0,0.0
hard_gsm8k_100,gsm8k_test_550,1,1,0,1,0,0,reasoning_greedy,reasoning_greedy,reasoning_greedy,reasoning_greedy,1,1,1,1,1,1,5.0,74.0,rate_or_unit,1,1,0,1,1,0,0,0,0,1,0,0,0.0,0.0
hard_gsm8k_100,gsm8k_test_1006,1,1,0,1,0,0,reasoning_greedy,reasoning_greedy,reasoning_greedy,reasoning_greedy,1,1,1,1,1,1,5.0,88.0,rate_or_unit,1,1,0,1,1,0,0,0,1,1,0,0,0.0,0.0
hard_gsm8k_100,gsm8k_test_1086,1,1,0,1,0,0,reasoning_greedy,reasoning_greedy,reasoning_greedy,reasoning_greedy,1,1,1,1,1,1,4.0,83.0,total,1,1,0,1,1,0,0,0,1,1,0,0,0.0,0.0
hard_gsm8k_100,gsm8k_test_74,1,1,0,1,0,0,reasoning_greedy,reasoning_greedy,reasoning_greedy,reasoning_greedy,1,1,1,1,1,1,6.0,77.0,rate_or_unit,0,1,0,1,1,0,0,0,0,1,0,0,0.0,0.0
hard_gsm8k_100,gsm8k_test_1249,1,1,0,1,0,1,reasoning_greedy,direct_plus_revise,reasoning_greedy,direct_plus_revise,1,1,1,2,1,2,4.0,92.0,rate_or_unit,0,0,0,1,1,1,0,1,0,0,0,0,0.0,0.0
hard_gsm8k_100,gsm8k_test_361,1,1,0,1,0,0,reasoning_greedy,direct_plus_revise,reasoning_greedy,reasoning_greedy,1,1,1,2,1,1,6.0,71.0,rate_or_unit,0,0,1,1,1,0,0,0,0,1,0,0,0.0,0.0
hard_gsm8k_100,gsm8k_test_405,1,1,0,1,0,0,reasoning_greedy,reasoning_greedy,reasoning_greedy,reasoning_greedy,1,1,1,1,1,1,6.0,67.0,rate_or_unit,0,1,0,1,1,0,0,0,0,1,0,0,0.0,0.0
hard_gsm8k_100,gsm8k_test_239,1,1,0,1,0,1,reasoning_greedy,reasoning_greedy,reasoning_greedy,direct_plus_revise,1,1,1,1,1,2,5.0,69.0,remaining_or_left,0,1,1,1,1,1,0,0,0,0,0,0,0.0,0.0
hard_gsm8k_100,gsm8k_test_769,1,1,0,1,0,0,reasoning_greedy,reasoning_greedy,reasoning_greedy,reasoning_greedy,1,1,1,1,1,1,7.0,52.0,rate_or_unit,1,0,1,1,1,0,0,0,1,1,0,0,0.0,0.0
hard_gsm8k_100,gsm8k_test_575,1,1,0,1,0,0,reasoning_greedy,reasoning_greedy,reasoning_greedy,reasoning_greedy,1,1,1,1,1,1,4.0,82.0,rate_or_unit,1,1,0,1,1,0,0,0,1,1,0,0,0.0,0.0
hard_gsm8k_100,gsm8k_test_1102,1,1,0,1,0,0,reasoning_greedy,reasoning_greedy,reasoning_greedy,reasoning_greedy,1,1,1,1,1,1,6.0,66.0,money,0,0,0,1,1,0,0,0,1,1,0,0,0.0,0.0
hard_gsm8k_100,gsm8k_test_622,0,1,1,0,0,0,direct_plus_revise,direct_plus_revise,reasoning_greedy,direct_plus_revise,1,0,1,2,1,2,6.0,78.0,rate_or_unit,0,1,1,1,1,0,0,1,0,0,0,1,1.0,0.0
hard_gsm8k_100,gsm8k_test_471,1,1,0,1,0,1,reasoning_greedy,reasoning_greedy,direct_plus_revise,direct_plus_revise,1,1,1,1,2,2,6.0,46.0,rate_or_unit,0,1,1,1,1,0,0,0,1,1,0,1,2.0,0.0
hard_gsm8k_100,gsm8k_test_383,1,1,0,1,0,0,reasoning_greedy,reasoning_greedy,reasoning_greedy,reasoning_greedy,1,1,1,1,1,1,5.0,72.0,rate_or_unit,1,1,0,1,1,0,0,0,0,1,0,0,0.0,0.0
hard_gsm8k_100,gsm8k_test_1001,0,0,0,0,1,0,reasoning_greedy,reasoning_greedy,reasoning_greedy,reasoning_greedy,0,0,0,1,1,1,6.0,86.0,time,0,0,0,1,1,0,0,0,0,0,0,1,1.0,0.0
hard_gsm8k_100,gsm8k_test_520,1,1,0,1,0,0,reasoning_greedy,reasoning_greedy,reasoning_greedy,reasoning_greedy,1,1,1,1,1,1,6.0,73.0,rate_or_unit,1,0,0,1,1,0,0,0,1,1,0,0,0.0,0.0
hard_gsm8k_b2,gsm8k_test_266,1,1,0,1,0,1,reasoning_greedy,direct_plus_revise,direct_plus_revise,direct_plus_revise,1,1,1,2,2,2,6.0,59.0,remaining_or_left,1,1,1,1,1,0,0,0,1,1,0,1,2.0,0.0
hard_gsm8k_b2,gsm8k_test_445,1,1,0,1,0,0,reasoning_greedy,reasoning_greedy,reasoning_greedy,reasoning_greedy,1,1,1,1,1,1,6.0,54.0,rate_or_unit,1,0,0,1,1,0,0,0,0,1,0,0,0.0,0.0
hard_gsm8k_b2,gsm8k_test_333,1,1,0,1,0,0,reasoning_greedy,reasoning_greedy,reasoning_greedy,reasoning_greedy,1,1,1,1,1,1,6.0,53.0,rate_or_unit,1,0,1,1,1,0,0,0,1,1,0,0,0.0,0.0
hard_gsm8k_b2,gsm8k_test_700,1,1,0,1,0,0,reasoning_greedy,reasoning_greedy,reasoning_greedy,reasoning_greedy,1,1,1,1,1,1,6.0,61.0,rate_or_unit,0,1,0,1,1,0,0,0,1,1,0,0,0.0,0.0
hard_gsm8k_b2,gsm8k_test_745,1,1,0,1,0,0,reasoning_greedy,reasoning_greedy,reasoning_greedy,reasoning_greedy,1,1,1,1,1,1,7.0,52.0,rate_or_unit,1,1,0,1,1,0,0,0,1,1,0,0,0.0,0.0
hard_gsm8k_b2,gsm8k_test_246,1,1,0,1,0,1,reasoning_greedy,direct_plus_revise,reasoning_greedy,direct_plus_revise,1,1,1,2,1,2,5.0,69.0,rate_or_unit,1,0,0,1,1,1,0,0,1,1,0,0,0.0,0.0
hard_gsm8k_b2,gsm8k_test_772,1,1,0,1,0,1,reasoning_greedy,direct_plus_revise,direct_plus_revise,direct_plus_revise,1,1,1,2,2,2,5.0,62.0,remaining_or_left,0,1,1,1,1,0,0,1,0,1,0,1,4.0,0.0
hard_gsm8k_b2,gsm8k_test_540,1,1,0,1,0,1,reasoning_greedy,direct_plus_revise,direct_plus_revise,direct_plus_revise,1,1,1,2,2,2,6.0,57.0,remaining_or_left,1,1,1,1,1,0,0,1,1,1,0,1,4.0,0.0
hard_gsm8k_b2,gsm8k_test_777,1,1,0,1,0,1,reasoning_greedy,reasoning_greedy,direct_plus_revise,direct_plus_revise,1,1,1,1,2,2,5.0,72.0,remaining_or_left,0,1,1,1,1,0,0,0,0,1,0,1,2.0,0.0
hard_gsm8k_b2,gsm8k_test_1147,1,1,0,1,0,0,reasoning_greedy,reasoning_greedy,reasoning_greedy,reasoning_greedy,1,1,1,1,1,1,6.0,70.0,rate_or_unit,0,0,0,1,1,0,0,0,0,1,0,0,0.0,0.0
hard_gsm8k_b2,gsm8k_test_422,1,1,0,1,0,0,reasoning_greedy,reasoning_greedy,reasoning_greedy,reasoning_greedy,1,1,1,1,1,1,6.0,62.0,rate_or_unit,0,1,0,1,1,0,0,0,1,1,0,0,0.0,0.0
hard_gsm8k_b2,gsm8k_test_576,0,1,1,0,0,0,direct_plus_revise,direct_plus_revise,reasoning_greedy,reasoning_greedy,1,0,0,2,1,1,6.0,66.0,rate_or_unit,0,1,0,1,1,0,0,0,1,0,0,1,1.0,0.0
hard_gsm8k_b2,gsm8k_test_1248,1,1,0,1,0,0,reasoning_greedy,reasoning_greedy,reasoning_greedy,reasoning_greedy,1,1,1,1,1,1,3.0,92.0,rate_or_unit,1,1,0,1,1,0,0,0,0,1,0,0,0.0,0.0
hard_gsm8k_b2,gsm8k_test_425,1,1,0,1,0,1,reasoning_greedy,direct_plus_revise,direct_plus_revise,direct_plus_revise,1,1,1,2,2,2,4.0,80.0,rate_or_unit,1,1,0,1,1,0,1,0,0,1,0,1,2.0,0.0
hard_gsm8k_b2,gsm8k_test_276,1,1,0,1,0,0,reasoning_greedy,reasoning_greedy,reasoning_greedy,reasoning_greedy,1,1,1,1,1,1,7.0,50.0,remaining_or_left,0,0,1,1,1,0,0,0,1,1,0,0,0.0,0.0
hard_gsm8k_b2,gsm8k_test_790,0,1,1,0,0,0,direct_plus_revise,reasoning_greedy,reasoning_greedy,reasoning_greedy,0,0,0,1,1,1,5.0,57.0,rate_or_unit,0,0,0,1,1,0,0,0,0,1,0,0,0.0,0.0
hard_gsm8k_b2,gsm8k_test_1175,1,1,0,1,0,0,reasoning_greedy,reasoning_greedy,reasoning_greedy,reasoning_greedy,1,1,1,1,1,1,5.0,64.0,difference,0,0,1,1,1,0,0,0,1,1,0,0,0.0,0.0
hard_gsm8k_b2,gsm8k_test_1294,1,1,0,1,0,0,reasoning_greedy,reasoning_greedy,reasoning_greedy,reasoning_greedy,1,1,1,1,1,1,5.0,66.0,rate_or_unit,1,1,0,1,1,0,0,0,1,1,0,0,0.0,0.0
hard_gsm8k_b2,gsm8k_test_751,1,1,0,1,0,1,reasoning_greedy,direct_plus_revise,direct_plus_revise,direct_plus_revise,1,1,1,2,2,2,4.0,74.0,time,1,1,0,1,1,1,1,1,1,0,0,1,2.0,0.0
hard_gsm8k_b2,gsm8k_test_409,0,0,0,0,1,0,reasoning_greedy,direct_plus_revise,direct_plus_revise,direct_plus_revise,0,0,0,2,2,2,5.0,53.0,rate_or_unit,0,0,0,1,1,0,0,1,0,1,0,1,2.0,0.0
hard_gsm8k_b2,gsm8k_test_998,1,1,0,1,0,0,reasoning_greedy,reasoning_greedy,reasoning_greedy,reasoning_greedy,1,1,1,1,1,1,5.0,64.0,rate_or_unit,0,0,0,1,1,0,0,0,0,1,0,0,0.0,0.0
hard_gsm8k_b2,gsm8k_test_427,1,1,0,1,0,0,reasoning_greedy,reasoning_greedy,reasoning_greedy,reasoning_greedy,1,1,1,1,1,1,5.0,56.0,rate_or_unit,1,1,0,1,1,0,0,0,1,1,0,0,0.0,0.0
hard_gsm8k_b2,gsm8k_test_990,1,1,0,1,0,0,reasoning_greedy,reasoning_greedy,reasoning_greedy,reasoning_greedy,1,1,1,1,1,1,6.0,73.0,time,0,1,0,1,1,0,0,0,1,1,0,0,0.0,0.0
hard_gsm8k_b2,gsm8k_test_229,1,1,0,1,0,1,reasoning_greedy,direct_plus_revise,reasoning_greedy,direct_plus_revise,1,1,1,2,1,2,4.0,63.0,remaining_or_left,1,0,1,1,1,1,0,1,0,0,0,0,0.0,0.0
hard_gsm8k_b2,gsm8k_test_442,1,1,0,1,0,1,reasoning_greedy,direct_plus_revise,reasoning_greedy,direct_plus_revise,1,1,1,2,1,2,6.0,58.0,rate_or_unit,0,1,0,1,1,1,0,1,1,0,0,0,0.0,0.0
hard_gsm8k_b2,gsm8k_test_1133,0,1,1,0,0,0,direct_plus_revise,direct_plus_revise,direct_plus_revise,direct_plus_revise,1,1,1,2,2,2,5.0,71.0,rate_or_unit,1,1,0,1,1,0,1,0,0,0,0,1,5.0,0.0
hard_gsm8k_b2,gsm8k_test_827,0,1,1,0,0,0,direct_plus_revise,direct_plus_revise,direct_plus_revise,direct_plus_revise,1,1,1,2,2,2,6.0,59.0,rate_or_unit,0,1,0,1,1,0,0,0,0,0,0,1,2.0,0.0
hard_gsm8k_b2,gsm8k_test_764,1,1,0,1,0,0,reasoning_greedy,reasoning_greedy,reasoning_greedy,reasoning_greedy,1,1,1,1,1,1,6.0,53.0,rate_or_unit,1,1,0,1,1,0,0,0,0,1,0,0,0.0,0.0
hard_gsm8k_b2,gsm8k_test_1193,1,1,0,1,0,0,reasoning_greedy,direct_plus_revise,reasoning_greedy,reasoning_greedy,1,1,1,2,1,1,5.0,63.0,rate_or_unit,1,0,0,1,1,0,0,0,1,1,0,0,0.0,0.0
hard_gsm8k_b2,gsm8k_test_415,1,1,0,1,0,0,reasoning_greedy,reasoning_greedy,reasoning_greedy,reasoning_greedy,1,1,1,1,1,1,3.0,91.0,total,0,0,0,0,1,0,0,0,0,1,0,0,0.0,0.0
hard_gsm8k_b2,gsm8k_test_1062,1,1,0,1,0,0,reasoning_greedy,reasoning_greedy,reasoning_greedy,reasoning_greedy,1,1,1,1,1,1,7.0,46.0,total,0,0,0,1,1,0,0,0,1,1,0,0,0.0,0.0
hard_gsm8k_b2,gsm8k_test_675,0,0,0,0,1,0,reasoning_greedy,direct_plus_revise,direct_plus_revise,direct_plus_revise,0,0,0,2,2,2,4.0,89.0,rate_or_unit,0,0,1,1,1,0,0,1,1,0,0,1,3.0,0.0
hard_gsm8k_b2,gsm8k_test_1145,1,1,0,1,0,1,reasoning_greedy,direct_plus_revise,direct_plus_revise,direct_plus_revise,1,1,1,2,2,2,6.0,53.0,rate_or_unit,1,1,0,1,1,0,1,0,0,1,0,1,2.0,0.0
hard_gsm8k_b2,gsm8k_test_1030,0,0,0,0,1,0,reasoning_greedy,direct_plus_revise,reasoning_greedy,direct_plus_revise,0,0,0,2,1,2,3.0,89.0,other,1,1,0,1,1,0,0,0,0,0,0,1,1.0,0.0
hard_gsm8k_b2,gsm8k_test_1165,1,1,0,1,0,0,reasoning_greedy,direct_plus_revise,reasoning_greedy,reasoning_greedy,1,1,1,2,1,1,5.0,56.0,rate_or_unit,1,0,0,1,1,0,0,0,1,1,0,0,0.0,0.0
hard_gsm8k_b2,gsm8k_test_1118,1,1,0,1,0,0,reasoning_greedy,direct_plus_revise,reasoning_greedy,reasoning_greedy,1,1,1,2,1,1,8.0,45.0,difference,0,0,1,0,1,0,0,0,1,1,0,0,0.0,0.0
hard_gsm8k_b2,gsm8k_test_353,0,1,1,0,0,0,direct_plus_revise,direct_plus_revise,direct_plus_revise,direct_plus_revise,1,1,1,2,2,2,5.0,53.0,rate_or_unit,1,1,0,1,1,1,1,0,1,1,0,1,2.0,0.0
hard_gsm8k_b2,gsm8k_test_389,1,1,0,1,0,0,reasoning_greedy,direct_plus_revise,reasoning_greedy,reasoning_greedy,1,1,1,2,1,1,6.0,58.0,rate_or_unit,1,1,0,1,1,0,0,0,0,1,0,0,0.0,0.0
hard_gsm8k_b2,gsm8k_test_15,1,1,0,1,0,1,reasoning_greedy,reasoning_greedy,reasoning_greedy,direct_plus_revise,1,1,1,1,1,2,5.0,69.0,money,0,0,0,1,1,1,0,0,0,1,0,0,0.0,0.0
hard_gsm8k_b2,gsm8k_test_301,1,1,0,1,0,0,reasoning_greedy,direct_plus_revise,reasoning_greedy,reasoning_greedy,1,1,1,2,1,1,5.0,68.0,rate_or_unit,0,1,1,1,1,0,0,0,1,1,1,0,0.0,2.0
hard_gsm8k_b2,gsm8k_test_499,1,1,0,1,0,0,reasoning_greedy,reasoning_greedy,reasoning_greedy,reasoning_greedy,1,1,1,1,1,1,3.0,86.0,rate_or_unit,0,0,0,1,1,0,0,0,0,1,0,0,0.0,0.0
hard_gsm8k_b2,gsm8k_test_128,1,1,0,1,0,0,reasoning_greedy,reasoning_greedy,reasoning_greedy,reasoning_greedy,1,1,1,1,1,1,5.0,59.0,rate_or_unit,1,1,1,1,1,0,0,0,0,1,0,0,0.0,0.0
hard_gsm8k_b2,gsm8k_test_976,0,1,1,0,0,0,direct_plus_revise,direct_plus_revise,direct_plus_revise,direct_plus_revise,1,1,1,2,2,2,6.0,65.0,money,1,1,0,1,1,0,1,0,0,0,0,1,3.0,0.0
hard_gsm8k_b2,gsm8k_test_354,1,1,0,1,0,0,reasoning_greedy,reasoning_greedy,reasoning_greedy,reasoning_greedy,1,1,1,1,1,1,6.0,62.0,rate_or_unit,1,1,0,1,1,0,0,0,1,1,0,0,0.0,0.0
hard_gsm8k_b2,gsm8k_test_871,1,1,0,1,0,1,reasoning_greedy,direct_plus_revise,direct_plus_revise,direct_plus_revise,1,1,1,2,2,2,6.0,43.0,remaining_or_left,1,1,1,1,1,0,0,1,1,1,0,1,2.0,0.0
hard_gsm8k_b2,gsm8k_test_267,1,0,0,1,0,0,reasoning_greedy,reasoning_greedy,reasoning_greedy,reasoning_greedy,1,1,1,1,1,1,5.0,63.0,time,1,1,0,1,1,0,0,0,1,1,0,0,0.0,0.0
hard_gsm8k_b2,gsm8k_test_783,1,1,0,1,0,1,reasoning_greedy,direct_plus_revise,direct_plus_revise,direct_plus_revise,1,1,1,2,2,2,4.0,90.0,other,1,1,0,0,1,1,1,1,1,0,0,1,2.0,0.0
hard_gsm8k_b2,gsm8k_test_4,1,1,0,1,0,1,reasoning_greedy,reasoning_greedy,direct_plus_revise,direct_plus_revise,1,1,1,1,2,2,3.0,87.0,rate_or_unit,1,0,0,1,1,0,0,0,0,1,0,1,2.0,0.0
hard_gsm8k_b2,gsm8k_test_316,1,1,0,1,0,0,reasoning_greedy,reasoning_greedy,reasoning_greedy,reasoning_greedy,1,1,1,1,1,1,5.0,49.0,rate_or_unit,1,1,0,1,1,0,0,0,0,1,0,0,0.0,0.0
hard_gsm8k_b2,gsm8k_test_417,1,1,0,1,0,1,reasoning_greedy,reasoning_greedy,reasoning_greedy,direct_plus_revise,1,1,1,1,1,2,4.0,69.0,rate_or_unit,0,0,0,1,1,1,0,0,1,1,0,0,0.0,0.0
hard_gsm8k_b2,gsm8k_test_299,1,1,0,1,0,0,reasoning_greedy,direct_plus_revise,reasoning_greedy,reasoning_greedy,1,1,1,2,1,1,5.0,68.0,rate_or_unit,1,1,0,1,1,0,0,0,1,1,0,0,0.0,0.0
hard_gsm8k_b2,gsm8k_test_157,1,1,0,1,0,1,reasoning_greedy,direct_plus_revise,reasoning_greedy,direct_plus_revise,1,1,1,2,1,2,5.0,82.0,time,0,1,0,1,1,0,0,0,1,0,0,0,0.0,0.0
hard_gsm8k_b2,gsm8k_test_722,1,1,0,1,0,0,reasoning_greedy,reasoning_greedy,reasoning_greedy,reasoning_greedy,1,1,1,1,1,1,4.0,74.0,rate_or_unit,1,1,0,1,1,0,0,0,1,1,0,0,0.0,0.0
hard_gsm8k_b2,gsm8k_test_386,1,1,0,1,0,0,reasoning_greedy,reasoning_greedy,reasoning_greedy,reasoning_greedy,1,1,1,1,1,1,7.0,52.0,other,0,0,0,0,1,0,0,0,1,1,0,0,0.0,0.0
hard_gsm8k_b2,gsm8k_test_1094,0,1,1,0,0,0,direct_plus_revise,direct_plus_revise,direct_plus_revise,direct_plus_revise,1,1,1,2,2,2,5.0,73.0,remaining_or_left,0,1,1,0,1,0,0,1,0,0,0,1,3.0,0.0
hard_gsm8k_b2,gsm8k_test_315,1,1,0,1,0,0,reasoning_greedy,reasoning_greedy,reasoning_greedy,reasoning_greedy,1,1,1,1,1,1,7.0,41.0,other,0,0,0,1,1,0,0,0,1,1,0,0,0.0,0.0
hard_gsm8k_b2,gsm8k_test_1078,1,1,0,1,0,1,reasoning_greedy,direct_plus_revise,reasoning_greedy,direct_plus_revise,1,1,1,2,1,2,4.0,67.0,rate_or_unit,1,0,1,1,1,1,0,1,0,0,0,0,0.0,0.0
hard_gsm8k_b2,gsm8k_test_247,1,1,0,1,0,1,reasoning_greedy,direct_plus_revise,direct_plus_revise,direct_plus_revise,1,1,1,2,2,2,5.0,55.0,rate_or_unit,1,1,0,1,1,0,1,0,1,1,0,1,2.0,0.0
hard_gsm8k_b2,gsm8k_test_596,1,1,0,1,0,1,reasoning_greedy,reasoning_greedy,reasoning_greedy,direct_plus_revise,1,1,1,1,1,2,5.0,70.0,rate_or_unit,0,0,0,1,1,1,0,0,0,1,0,0,0.0,0.0
hard_gsm8k_b2,gsm8k_test_1284,1,1,0,1,0,0,reasoning_greedy,reasoning_greedy,reasoning_greedy,reasoning_greedy,1,1,1,1,1,1,3.0,84.0,rate_or_unit,0,1,0,1,1,0,0,0,0,1,0,0,0.0,0.0
hard_gsm8k_b2,gsm8k_test_972,0,0,0,0,1,0,reasoning_greedy,direct_plus_revise,direct_plus_revise,direct_plus_revise,0,0,0,2,2,2,5.0,46.0,rate_or_unit,1,1,0,1,1,0,1,0,1,1,0,1,2.0,0.0
hard_gsm8k_b2,gsm8k_test_356,1,1,0,1,0,0,reasoning_greedy,reasoning_greedy,reasoning_greedy,reasoning_greedy,1,1,1,1,1,1,6.0,51.0,rate_or_unit,1,1,1,1,1,0,0,0,1,1,0,0,0.0,0.0
hard_gsm8k_b2,gsm8k_test_1035,1,1,0,1,0,1,reasoning_greedy,direct_plus_revise,reasoning_greedy,direct_plus_revise,1,1,1,2,1,2,3.0,91.0,rate_or_unit,0,0,0,1,1,1,0,0,0,1,0,0,0.0,0.0
hard_gsm8k_b2,gsm8k_test_574,1,1,0,1,0,0,reasoning_greedy,reasoning_greedy,reasoning_greedy,reasoning_greedy,1,1,1,1,1,1,6.0,45.0,rate_or_unit,1,1,0,1,1,0,0,0,1,1,0,0,0.0,0.0
hard_gsm8k_b2,gsm8k_test_385,1,1,0,1,0,0,reasoning_greedy,reasoning_greedy,reasoning_greedy,reasoning_greedy,1,1,1,1,1,1,4.0,70.0,time,0,1,0,1,1,0,0,0,1,1,0,0,0.0,0.0
hard_gsm8k_b2,gsm8k_test_986,1,1,0,1,0,0,reasoning_greedy,reasoning_greedy,reasoning_greedy,reasoning_greedy,1,1,1,1,1,1,6.0,44.0,rate_or_unit,1,1,0,1,1,0,0,0,1,1,0,0,0.0,0.0
hard_gsm8k_b2,gsm8k_test_52,1,1,0,1,0,0,reasoning_greedy,reasoning_greedy,reasoning_greedy,reasoning_greedy,1,1,1,1,1,1,6.0,45.0,rate_or_unit,0,0,0,1,1,0,0,0,0,1,0,0,0.0,0.0
hard_gsm8k_b2,gsm8k_test_25,1,1,0,1,0,0,reasoning_greedy,reasoning_greedy,reasoning_greedy,reasoning_greedy,1,1,1,1,1,1,7.0,46.0,rate_or_unit,0,0,0,1,1,0,0,0,1,1,0,0,0.0,0.0
hard_gsm8k_b2,gsm8k_test_284,1,1,0,1,0,0,reasoning_greedy,reasoning_greedy,reasoning_greedy,reasoning_greedy,1,1,1,1,1,1,3.0,81.0,rate_or_unit,0,1,0,1,1,0,0,0,0,1,0,0,0.0,0.0
hard_gsm8k_b2,gsm8k_test_1263,1,1,0,1,0,0,reasoning_greedy,reasoning_greedy,reasoning_greedy,reasoning_greedy,1,1,1,1,1,1,3.0,95.0,rate_or_unit,0,0,0,1,1,0,0,0,0,1,0,0,0.0,0.0
hard_gsm8k_b2,gsm8k_test_692,1,1,0,1,0,0,reasoning_greedy,direct_plus_revise,reasoning_greedy,reasoning_greedy,1,1,1,2,1,1,4.0,77.0,rate_or_unit,0,0,0,1,1,0,0,0,1,1,0,0,0.0,0.0
hard_gsm8k_b2,gsm8k_test_938,1,1,0,1,0,0,reasoning_greedy,reasoning_greedy,reasoning_greedy,reasoning_greedy,1,1,1,1,1,1,7.0,47.0,rate_or_unit,1,0,0,1,1,0,0,0,0,1,0,0,0.0,0.0
hard_gsm8k_b2,gsm8k_test_101,1,1,0,1,0,1,reasoning_greedy,direct_plus_revise,direct_plus_revise,direct_plus_revise,1,1,1,2,2,2,6.0,60.0,time,0,0,0,1,1,0,1,0,0,1,0,1,2.0,0.0
hard_gsm8k_b2,gsm8k_test_727,1,1,0,1,0,0,reasoning_greedy,reasoning_greedy,reasoning_greedy,reasoning_greedy,1,1,1,1,1,1,4.0,59.0,rate_or_unit,0,0,0,1,1,0,0,0,0,1,0,0,0.0,0.0
hard_gsm8k_b2,gsm8k_test_661,1,1,0,1,0,1,reasoning_greedy,direct_plus_revise,direct_plus_revise,direct_plus_revise,1,1,1,2,2,2,4.0,72.0,rate_or_unit,1,1,0,1,1,1,1,0,1,1,0,1,2.0,0.0
hard_gsm8k_b2,gsm8k_test_1119,1,1,0,1,0,0,reasoning_greedy,direct_plus_revise,reasoning_greedy,reasoning_greedy,1,1,1,2,1,1,3.0,87.0,rate_or_unit,1,0,0,1,1,0,0,0,0,1,0,0,0.0,0.0
hard_gsm8k_b2,gsm8k_test_1261,1,1,0,1,0,0,reasoning_greedy,reasoning_greedy,reasoning_greedy,reasoning_greedy,1,1,1,1,1,1,7.0,48.0,rate_or_unit,0,1,0,1,1,0,0,0,0,1,0,0,0.0,0.0
hard_gsm8k_b2,gsm8k_test_823,0,0,0,0,1,0,reasoning_greedy,reasoning_greedy,reasoning_greedy,reasoning_greedy,0,0,0,1,1,1,3.0,84.0,total,0,0,0,1,1,0,0,0,0,1,0,0,0.0,0.0
hard_gsm8k_b2,gsm8k_test_1233,1,1,0,1,0,1,reasoning_greedy,reasoning_greedy,direct_plus_revise,direct_plus_revise,1,1,1,1,2,2,5.0,40.0,rate_or_unit,1,1,1,1,1,0,0,0,0,1,0,1,2.0,0.0
hard_gsm8k_b2,gsm8k_test_1069,1,1,0,1,0,0,reasoning_greedy,reasoning_greedy,reasoning_greedy,reasoning_greedy,1,1,1,1,1,1,2.0,88.0,rate_or_unit,0,0,0,1,1,0,0,0,0,1,0,0,0.0,0.0
hard_gsm8k_b2,gsm8k_test_611,0,1,1,0,0,0,direct_plus_revise,direct_plus_revise,direct_plus_revise,direct_plus_revise,1,1,1,2,2,2,5.0,52.0,rate_or_unit,0,0,0,1,1,0,0,0,1,0,0,1,3.0,0.0
hard_gsm8k_b2,gsm8k_test_760,1,1,0,1,0,0,reasoning_greedy,reasoning_greedy,reasoning_greedy,reasoning_greedy,1,1,1,1,1,1,7.0,44.0,remaining_or_left,0,0,1,1,1,0,0,0,1,1,0,0,0.0,0.0
hard_gsm8k_b2,gsm8k_test_395,1,1,0,1,0,1,reasoning_greedy,direct_plus_revise,direct_plus_revise,direct_plus_revise,1,1,1,2,2,2,6.0,50.0,rate_or_unit,0,0,0,1,1,0,1,0,1,1,0,1,2.0,0.0
hard_gsm8k_b2,gsm8k_test_93,0,1,1,0,0,0,direct_plus_revise,direct_plus_revise,reasoning_greedy,reasoning_greedy,1,0,0,2,1,1,6.0,54.0,time,0,1,0,1,1,0,0,0,0,1,0,0,0.0,0.0
hard_gsm8k_b2,gsm8k_test_1009,1,1,0,1,0,0,reasoning_greedy,reasoning_greedy,reasoning_greedy,reasoning_greedy,1,1,1,1,1,1,5.0,59.0,remaining_or_left,0,0,1,1,1,0,0,0,1,1,0,0,0.0,0.0
hard_gsm8k_b2,gsm8k_test_1127,1,1,0,1,0,1,reasoning_greedy,reasoning_greedy,reasoning_greedy,direct_plus_revise,1,1,1,1,1,2,5.0,67.0,rate_or_unit,0,0,0,1,1,1,0,0,1,1,0,0,0.0,0.0
hard_gsm8k_b2,gsm8k_test_821,1,1,0,1,0,1,reasoning_greedy,direct_plus_revise,direct_plus_revise,direct_plus_revise,1,1,1,2,2,2,4.0,63.0,total,0,0,0,1,1,1,0,1,1,0,0,1,2.0,0.0
hard_gsm8k_b2,gsm8k_test_1027,1,1,0,1,0,0,reasoning_greedy,reasoning_greedy,reasoning_greedy,reasoning_greedy,1,1,1,1,1,1,7.0,51.0,money,0,0,0,1,1,0,0,0,0,1,0,0,0.0,0.0
hard_gsm8k_b2,gsm8k_test_205,1,1,0,1,0,0,reasoning_greedy,reasoning_greedy,reasoning_greedy,reasoning_greedy,1,1,1,1,1,1,6.0,59.0,rate_or_unit,0,0,0,1,1,0,0,0,0,1,0,0,0.0,0.0
hard_gsm8k_b2,gsm8k_test_814,0,0,0,0,1,0,reasoning_greedy,direct_plus_revise,direct_plus_revise,direct_plus_revise,0,0,0,2,2,2,5.0,65.0,time,0,1,0,1,1,0,0,0,1,0,0,1,3.0,0.0
hard_gsm8k_b2,gsm8k_test_455,1,1,0,1,0,0,reasoning_greedy,reasoning_greedy,reasoning_greedy,reasoning_greedy,1,1,1,1,1,1,6.0,57.0,rate_or_unit,0,0,0,1,1,0,0,0,1,1,0,0,0.0,0.0
hard_gsm8k_b2,gsm8k_test_1158,1,1,0,1,0,0,reasoning_greedy,reasoning_greedy,reasoning_greedy,reasoning_greedy,1,1,1,1,1,1,5.0,53.0,rate_or_unit,0,0,1,1,1,0,0,0,0,1,0,0,0.0,0.0
hard_gsm8k_b2,gsm8k_test_502,1,1,0,1,0,0,reasoning_greedy,reasoning_greedy,reasoning_greedy,reasoning_greedy,1,1,1,1,1,1,6.0,53.0,total,1,0,0,0,1,0,0,0,1,1,0,0,0.0,0.0
hard_gsm8k_b2,gsm8k_test_530,0,0,0,0,1,0,reasoning_greedy,reasoning_greedy,reasoning_greedy,reasoning_greedy,0,0,0,1,1,1,5.0,61.0,rate_or_unit,0,1,0,1,1,0,0,0,0,1,0,0,0.0,0.0
hard_gsm8k_b2,gsm8k_test_984,0,0,0,0,1,0,reasoning_greedy,reasoning_greedy,reasoning_greedy,direct_plus_revise,0,0,0,1,1,2,5.0,63.0,rate_or_unit,0,1,0,1,1,1,0,0,0,1,0,0,0.0,0.0
hard_gsm8k_b2,gsm8k_test_1096,1,1,0,1,0,1,reasoning_greedy,reasoning_greedy,reasoning_greedy,direct_plus_revise,1,1,1,1,1,2,6.0,58.0,rate_or_unit,0,0,0,1,1,1,0,0,1,1,0,0,0.0,0.0
hard_gsm8k_b2,gsm8k_test_1174,1,1,0,1,0,1,reasoning_greedy,direct_plus_revise,direct_plus_revise,direct_plus_revise,1,1,1,2,2,2,5.0,55.0,remaining_or_left,1,1,1,0,1,0,1,0,1,1,0,1,2.0,0.0
hard_gsm8k_b2,gsm8k_test_518,1,1,0,1,0,0,reasoning_greedy,reasoning_greedy,reasoning_greedy,reasoning_greedy,1,1,1,1,1,1,4.0,54.0,remaining_or_left,1,1,1,1,1,0,0,0,1,1,0,0,0.0,0.0
hard_gsm8k_b2,gsm8k_test_293,1,1,0,1,0,0,reasoning_greedy,reasoning_greedy,reasoning_greedy,reasoning_greedy,1,1,1,1,1,1,5.0,64.0,rate_or_unit,0,0,1,1,1,0,0,0,0,1,0,0,0.0,0.0
hard_gsm8k_b2,gsm8k_test_676,1,1,0,1,0,0,reasoning_greedy,reasoning_greedy,reasoning_greedy,reasoning_greedy,1,1,1,1,1,1,5.0,37.0,remaining_or_left,0,0,1,1,1,0,0,0,1,1,0,0,0.0,0.0
math500_100,test/precalculus/807.json,1,1,0,1,0,0,reasoning_greedy,direct_plus_revise,reasoning_greedy,reasoning_greedy,1,1,1,2,1,1,5.0,28.0,money,0,0,0,0,1,0,0,0,1,1,0,1,1.0,0.0
math500_100,test/intermediate_algebra/1994.json,1,1,0,1,0,0,reasoning_greedy,direct_plus_revise,reasoning_greedy,reasoning_greedy,1,1,1,2,1,1,10.0,34.0,money,0,0,0,0,1,0,0,0,1,1,0,1,1.0,0.0
math500_100,test/algebra/2584.json,1,1,0,1,0,0,reasoning_greedy,reasoning_greedy,reasoning_greedy,reasoning_greedy,1,1,1,1,1,1,6.0,18.0,money,0,0,0,0,1,0,0,0,1,1,0,0,0.0,0.0
math500_100,test/number_theory/572.json,1,1,0,1,0,0,reasoning_greedy,reasoning_greedy,reasoning_greedy,reasoning_greedy,1,1,1,1,1,1,1.0,8.0,other,0,0,0,0,1,0,0,0,0,1,0,0,0.0,0.0
math500_100,test/algebra/1349.json,0,0,0,0,1,0,reasoning_greedy,direct_plus_revise,reasoning_greedy,reasoning_greedy,0,0,0,2,1,1,52.0,92.0,money,0,0,0,0,1,0,0,0,1,1,1,0,0.0,4.0
math500_100,test/prealgebra/1622.json,1,1,0,1,0,0,reasoning_greedy,reasoning_greedy,reasoning_greedy,reasoning_greedy,1,1,1,1,1,1,1.0,31.0,other,0,0,0,0,1,0,0,0,0,1,0,0,0.0,0.0
math500_100,test/number_theory/515.json,1,1,0,1,0,0,reasoning_greedy,direct_plus_revise,reasoning_greedy,reasoning_greedy,1,1,1,2,1,1,0.0,18.0,other,0,0,0,0,1,0,0,0,0,1,0,0,0.0,0.0
math500_100,test/precalculus/927.json,0,0,0,0,1,0,reasoning_greedy,direct_plus_revise,reasoning_greedy,reasoning_greedy,0,0,0,2,1,1,4.0,36.0,money,0,0,0,0,1,0,0,0,1,0,0,1,1.0,0.0
math500_100,test/algebra/2036.json,1,1,0,1,0,0,reasoning_greedy,direct_plus_revise,reasoning_greedy,reasoning_greedy,1,1,1,2,1,1,4.0,21.0,money,0,0,0,0,1,0,0,0,1,1,0,0,0.0,0.0
math500_100,test/prealgebra/1139.json,0,0,0,0,1,0,reasoning_greedy,direct_plus_revise,reasoning_greedy,reasoning_greedy,0,0,0,2,1,1,19.0,86.0,total,0,0,0,0,1,0,0,0,1,0,0,1,1.0,0.0
math500_100,test/number_theory/1032.json,1,1,0,1,0,0,reasoning_greedy,direct_plus_revise,reasoning_greedy,reasoning_greedy,1,1,1,2,1,1,3.0,20.0,other,0,0,0,0,1,0,0,0,0,1,0,0,0.0,0.0
math500_100,test/intermediate_algebra/1197.json,0,0,0,0,1,0,reasoning_greedy,direct_plus_revise,reasoning_greedy,reasoning_greedy,0,0,0,2,1,1,8.0,24.0,money,0,0,0,0,1,0,0,0,1,1,0,1,1.0,0.0
math500_100,test/number_theory/737.json,0,1,1,0,0,0,direct_plus_revise,direct_plus_revise,reasoning_greedy,direct_plus_revise,1,0,1,2,1,2,7.0,47.0,difference,0,0,1,0,1,0,0,0,0,0,1,1,1.0,2.0
math500_100,test/geometry/248.json,1,1,0,1,0,0,reasoning_greedy,direct_plus_revise,reasoning_greedy,reasoning_greedy,1,1,1,2,1,1,35.0,31.0,money,0,0,0,0,1,0,0,0,1,0,0,0,0.0,0.0
math500_100,test/precalculus/1303.json,1,0,0,1,0,0,reasoning_greedy,direct_plus_revise,reasoning_greedy,reasoning_greedy,0,1,1,2,1,1,10.0,31.0,money,0,0,0,0,1,0,0,0,0,1,0,0,0.0,0.0
math500_100,test/precalculus/990.json,0,0,0,0,1,0,reasoning_greedy,direct_plus_revise,direct_plus_revise,direct_plus_revise,0,0,0,2,2,2,20.0,70.0,money,0,0,0,0,1,0,0,1,1,0,1,1,1.0,3.0
math500_100,test/intermediate_algebra/134.json,1,1,0,1,0,0,reasoning_greedy,direct_plus_revise,reasoning_greedy,reasoning_greedy,1,1,1,2,1,1,7.0,4.0,money,0,0,0,0,1,0,0,0,1,1,0,0,0.0,0.0
math500_100,test/precalculus/1199.json,0,1,1,0,0,0,direct_plus_revise,direct_plus_revise,direct_plus_revise,direct_plus_revise,1,1,1,2,2,2,34.0,69.0,money,0,0,0,0,1,0,0,0,0,0,1,1,1.0,4.0
math500_100,test/geometry/434.json,0,0,0,0,1,0,reasoning_greedy,direct_plus_revise,reasoning_greedy,reasoning_greedy,0,0,0,2,1,1,27.0,32.0,money,0,0,0,0,1,0,0,0,1,1,0,0,0.0,0.0
math500_100,test/intermediate_algebra/1000.json,1,1,0,1,0,0,reasoning_greedy,direct_plus_revise,reasoning_greedy,reasoning_greedy,1,1,1,2,1,1,4.0,30.0,money,0,0,0,0,1,0,0,0,1,0,0,1,1.0,0.0
math500_100,test/algebra/1098.json,1,1,0,1,0,0,reasoning_greedy,direct_plus_revise,reasoning_greedy,reasoning_greedy,1,1,1,2,1,1,4.0,2.0,money,0,0,0,0,1,0,0,0,1,0,0,1,1.0,0.0
math500_100,test/intermediate_algebra/607.json,0,0,0,0,1,0,reasoning_greedy,direct_plus_revise,reasoning_greedy,reasoning_greedy,0,0,0,2,1,1,3.0,14.0,difference,0,0,1,0,1,0,0,0,0,0,0,1,1.0,0.0
math500_100,test/algebra/1837.json,1,1,0,1,0,0,reasoning_greedy,direct_plus_revise,reasoning_greedy,reasoning_greedy,1,1,1,2,1,1,5.0,87.0,rate_or_unit,1,0,0,1,1,0,0,0,1,1,0,0,0.0,0.0
math500_100,test/algebra/2193.json,0,0,0,0,1,0,reasoning_greedy,direct_plus_revise,reasoning_greedy,reasoning_greedy,0,0,0,2,1,1,3.0,14.0,money,0,0,0,0,1,0,0,0,0,0,0,0,0.0,0.0
math500_100,test/algebra/2427.json,0,0,0,0,1,0,reasoning_greedy,direct_plus_revise,direct_plus_revise,direct_plus_revise,0,0,0,2,2,2,3.0,78.0,rate_or_unit,0,0,0,1,1,0,0,1,0,0,0,1,3.0,0.0
math500_100,test/intermediate_algebra/1388.json,0,0,0,0,1,0,reasoning_greedy,direct_plus_revise,reasoning_greedy,reasoning_greedy,0,0,0,2,1,1,3.0,45.0,money,0,1,0,0,1,0,0,0,0,0,0,1,1.0,0.0
math500_100,test/counting_and_probability/525.json,0,0,0,0,1,0,reasoning_greedy,direct_plus_revise,reasoning_greedy,reasoning_greedy,0,0,0,2,1,1,2.0,42.0,rate_or_unit,0,0,0,1,1,0,0,0,0,1,0,0,0.0,0.0
math500_100,test/prealgebra/1840.json,1,1,0,1,0,0,reasoning_greedy,direct_plus_revise,reasoning_greedy,reasoning_greedy,1,1,1,2,1,1,7.0,53.0,rate_or_unit,0,1,0,1,1,0,0,0,0,1,0,0,0.0,0.0
math500_100,test/precalculus/779.json,1,0,0,1,0,0,reasoning_greedy,direct_plus_revise,reasoning_greedy,reasoning_greedy,0,1,1,2,1,1,3.0,22.0,money,0,0,0,0,1,0,0,0,0,0,0,1,1.0,0.0
math500_100,test/counting_and_probability/666.json,1,1,0,1,0,0,reasoning_greedy,direct_plus_revise,reasoning_greedy,reasoning_greedy,1,1,1,2,1,1,4.0,62.0,total,0,0,0,0,1,0,0,0,0,0,0,0,0.0,0.0
math500_100,test/number_theory/864.json,1,1,0,1,0,0,reasoning_greedy,reasoning_greedy,reasoning_greedy,reasoning_greedy,1,1,1,1,1,1,5.0,13.0,money,0,0,0,0,1,0,0,0,1,1,0,1,1.0,0.0
math500_100,test/prealgebra/1302.json,0,0,0,0,1,0,reasoning_greedy,reasoning_greedy,reasoning_greedy,reasoning_greedy,0,0,0,1,1,1,1.0,2.0,money,0,0,0,0,1,0,0,0,0,0,0,0,0.0,0.0
math500_100,test/counting_and_probability/134.json,1,1,0,1,0,0,reasoning_greedy,direct_plus_revise,reasoning_greedy,reasoning_greedy,1,1,1,2,1,1,2.0,42.0,other,0,1,0,0,1,0,0,0,0,0,0,0,0.0,0.0
math500_100,test/algebra/1072.json,0,0,0,0,1,0,reasoning_greedy,direct_plus_revise,reasoning_greedy,reasoning_greedy,0,0,0,2,1,1,6.0,24.0,money,0,0,0,0,1,0,0,0,1,0,0,1,1.0,0.0
math500_100,test/counting_and_probability/119.json,1,1,0,1,0,0,reasoning_greedy,direct_plus_revise,reasoning_greedy,reasoning_greedy,1,1,1,2,1,1,6.0,9.0,remaining_or_left,0,0,1,0,1,0,0,0,1,0,0,0,0.0,0.0
math500_100,test/number_theory/627.json,1,1,0,1,0,1,reasoning_greedy,direct_plus_revise,reasoning_greedy,direct_plus_revise,1,1,1,2,1,2,6.0,21.0,money,1,1,0,0,1,1,0,1,0,0,0,0,0.0,0.0
math500_100,test/intermediate_algebra/428.json,0,0,0,0,1,0,reasoning_greedy,direct_plus_revise,reasoning_greedy,reasoning_greedy,0,0,0,2,1,1,7.0,14.0,money,0,0,0,0,1,0,0,0,1,0,0,1,1.0,0.0
math500_100,test/geometry/967.json,1,1,0,1,0,0,reasoning_greedy,direct_plus_revise,reasoning_greedy,reasoning_greedy,1,1,1,2,1,1,0.0,27.0,other,0,0,0,0,1,0,0,0,0,0,0,1,1.0,0.0
math500_100,test/algebra/24.json,1,1,0,1,0,0,reasoning_greedy,reasoning_greedy,reasoning_greedy,reasoning_greedy,1,1,1,1,1,1,2.0,27.0,money,0,0,0,0,1,0,0,0,0,1,0,0,0.0,0.0
math500_100,test/number_theory/45.json,1,1,0,1,0,1,reasoning_greedy,direct_plus_revise,reasoning_greedy,direct_plus_revise,1,1,1,2,1,2,3.0,17.0,other,0,0,0,0,1,1,0,1,0,0,0,0,0.0,0.0
math500_100,test/prealgebra/930.json,0,1,1,0,0,0,direct_plus_revise,direct_plus_revise,reasoning_greedy,reasoning_greedy,1,0,0,2,1,1,10.0,40.0,rate_or_unit,0,0,0,1,1,0,0,0,0,1,0,1,1.0,0.0
math500_100,test/geometry/627.json,0,0,0,0,1,0,reasoning_greedy,direct_plus_revise,reasoning_greedy,reasoning_greedy,0,0,0,2,1,1,7.0,27.0,money,0,0,0,0,1,0,0,0,1,0,0,1,1.0,0.0
math500_100,test/algebra/2214.json,1,1,0,1,0,0,reasoning_greedy,reasoning_greedy,reasoning_greedy,reasoning_greedy,1,1,1,1,1,1,4.0,27.0,money,0,0,0,0,1,0,0,0,1,1,0,0,0.0,0.0
math500_100,test/intermediate_algebra/1454.json,0,0,0,0,1,0,reasoning_greedy,direct_plus_revise,reasoning_greedy,reasoning_greedy,0,0,0,2,1,1,13.0,34.0,money,0,0,0,0,1,0,0,0,1,0,0,1,1.0,0.0
math500_100,test/prealgebra/1558.json,1,1,0,1,0,0,reasoning_greedy,direct_plus_revise,reasoning_greedy,reasoning_greedy,1,1,1,2,1,1,6.0,37.0,money,0,1,0,0,1,0,0,0,1,0,0,0,0.0,0.0
math500_100,test/geometry/178.json,1,1,0,1,0,0,reasoning_greedy,reasoning_greedy,reasoning_greedy,reasoning_greedy,1,1,1,1,1,1,2.0,20.0,money,0,0,0,0,1,0,0,0,0,1,0,0,0.0,0.0
math500_100,test/precalculus/285.json,0,0,0,0,1,0,reasoning_greedy,direct_plus_revise,reasoning_greedy,reasoning_greedy,0,0,0,2,1,1,4.0,25.0,money,0,0,0,0,1,0,0,0,0,0,0,1,1.0,0.0
math500_100,test/algebra/305.json,1,1,0,1,0,0,reasoning_greedy,reasoning_greedy,reasoning_greedy,reasoning_greedy,1,1,1,1,1,1,4.0,16.0,money,0,0,0,0,1,0,0,0,1,1,0,0,0.0,0.0
math500_100,test/algebra/1265.json,1,1,0,1,0,0,reasoning_greedy,reasoning_greedy,reasoning_greedy,reasoning_greedy,1,1,1,1,1,1,2.0,15.0,other,0,0,0,0,1,0,0,0,0,0,0,0,0.0,0.0
math500_100,test/prealgebra/1388.json,1,1,0,1,0,1,reasoning_greedy,direct_plus_revise,reasoning_greedy,direct_plus_revise,1,1,1,2,1,2,3.0,13.0,money,0,0,0,0,1,0,0,0,0,0,1,0,0.0,2.0
math500_100,test/number_theory/1055.json,1,1,0,1,0,0,reasoning_greedy,direct_plus_revise,reasoning_greedy,reasoning_greedy,1,1,1,2,1,1,3.0,85.0,rate_or_unit,0,1,1,1,1,0,0,0,0,1,0,0,0.0,0.0
math500_100,test/intermediate_algebra/1217.json,0,0,0,0,1,0,reasoning_greedy,direct_plus_revise,reasoning_greedy,direct_plus_revise,0,0,0,2,1,2,3.0,13.0,money,1,0,0,0,1,0,0,1,0,0,0,1,1.0,0.0
math500_100,test/prealgebra/951.json,1,1,0,1,0,0,reasoning_greedy,direct_plus_revise,reasoning_greedy,reasoning_greedy,1,1,1,2,1,1,6.0,2.0,money,0,0,0,0,1,0,0,0,1,1,0,0,0.0,0.0
math500_100,test/precalculus/1105.json,1,0,0,1,0,0,reasoning_greedy,reasoning_greedy,reasoning_greedy,reasoning_greedy,1,1,1,1,1,1,2.0,10.0,remaining_or_left,0,0,1,0,1,0,0,0,0,1,0,0,0.0,0.0
math500_100,test/prealgebra/572.json,1,1,0,1,0,0,reasoning_greedy,reasoning_greedy,reasoning_greedy,reasoning_greedy,1,1,1,1,1,1,2.0,5.0,money,0,0,0,0,1,0,0,0,0,1,0,0,0.0,0.0
math500_100,test/algebra/187.json,1,1,0,1,0,0,reasoning_greedy,direct_plus_revise,reasoning_greedy,reasoning_greedy,1,1,1,2,1,1,8.0,19.0,money,0,0,0,0,1,0,0,0,1,0,0,0,0.0,0.0
math500_100,test/algebra/769.json,1,1,0,1,0,0,reasoning_greedy,reasoning_greedy,reasoning_greedy,reasoning_greedy,1,1,1,1,1,1,1.0,17.0,money,0,0,0,0,1,0,0,0,0,0,0,0,0.0,0.0
math500_100,test/intermediate_algebra/1168.json,1,1,0,1,0,0,reasoning_greedy,reasoning_greedy,reasoning_greedy,reasoning_greedy,1,1,1,1,1,1,2.0,28.0,other,1,0,0,0,1,0,0,0,0,1,0,0,0.0,0.0
math500_100,test/algebra/722.json,1,1,0,1,0,0,reasoning_greedy,direct_plus_revise,reasoning_greedy,reasoning_greedy,1,1,1,2,1,1,4.0,5.0,money,0,0,0,0,1,0,0,0,1,0,0,0,0.0,0.0
math500_100,test/prealgebra/1247.json,1,1,0,1,0,0,reasoning_greedy,direct_plus_revise,reasoning_greedy,reasoning_greedy,1,1,1,2,1,1,4.0,31.0,other,0,0,0,0,1,0,0,0,1,0,0,0,0.0,0.0
math500_100,test/intermediate_algebra/956.json,0,0,0,0,1,0,reasoning_greedy,direct_plus_revise,reasoning_greedy,reasoning_greedy,0,0,0,2,1,1,8.0,25.0,money,0,0,0,0,1,0,0,0,1,0,0,1,1.0,0.0
math500_100,test/intermediate_algebra/1247.json,1,1,0,1,0,0,reasoning_greedy,direct_plus_revise,reasoning_greedy,reasoning_greedy,1,1,1,2,1,1,8.0,42.0,money,0,0,0,0,1,0,0,0,0,0,0,0,0.0,0.0
math500_100,test/precalculus/675.json,0,0,0,0,1,0,reasoning_greedy,direct_plus_revise,reasoning_greedy,reasoning_greedy,0,0,0,2,1,1,4.0,41.0,remaining_or_left,0,0,1,0,1,0,0,0,1,0,0,1,1.0,0.0
math500_100,test/intermediate_algebra/279.json,0,0,0,0,1,0,reasoning_greedy,direct_plus_revise,reasoning_greedy,reasoning_greedy,0,0,0,2,1,1,11.0,36.0,rate_or_unit,0,0,0,1,1,0,0,0,1,1,0,0,0.0,0.0
math500_100,test/precalculus/1146.json,0,0,0,0,1,0,reasoning_greedy,direct_plus_revise,reasoning_greedy,reasoning_greedy,0,0,0,2,1,1,4.0,33.0,money,0,0,0,0,0,0,0,0,1,0,0,0,0.0,0.0
math500_100,test/prealgebra/1747.json,1,1,0,1,0,0,reasoning_greedy,reasoning_greedy,reasoning_greedy,reasoning_greedy,1,1,1,1,1,1,3.0,3.0,money,0,0,0,0,1,0,0,0,0,1,0,0,0.0,0.0
math500_100,test/algebra/2046.json,1,1,0,1,0,0,reasoning_greedy,reasoning_greedy,reasoning_greedy,reasoning_greedy,1,1,1,1,1,1,5.0,7.0,remaining_or_left,0,0,1,0,1,0,0,0,1,1,0,1,1.0,0.0
math500_100,test/prealgebra/1233.json,0,1,1,0,0,0,direct_plus_revise,reasoning_greedy,reasoning_greedy,reasoning_greedy,0,0,0,1,1,1,2.0,37.0,money,0,0,0,0,1,0,0,0,0,1,0,0,0.0,0.0
math500_100,test/precalculus/1313.json,0,0,0,0,1,0,reasoning_greedy,direct_plus_revise,reasoning_greedy,reasoning_greedy,0,0,0,2,1,1,6.0,26.0,money,0,0,0,0,1,0,0,0,1,0,0,1,1.0,0.0
math500_100,test/intermediate_algebra/207.json,1,1,0,1,0,0,reasoning_greedy,direct_plus_revise,reasoning_greedy,reasoning_greedy,1,1,1,2,1,1,7.0,23.0,money,0,0,0,0,1,0,0,0,1,1,0,0,0.0,0.0
math500_100,test/number_theory/46.json,1,1,0,1,0,0,reasoning_greedy,direct_plus_revise,reasoning_greedy,reasoning_greedy,1,1,1,2,1,1,5.0,10.0,money,0,0,0,0,1,0,0,0,1,1,0,1,1.0,0.0
math500_100,test/number_theory/516.json,0,0,0,0,1,0,reasoning_greedy,reasoning_greedy,reasoning_greedy,reasoning_greedy,0,0,0,1,1,1,2.0,12.0,money,0,0,0,0,1,0,0,0,0,1,0,1,1.0,0.0
math500_100,test/geometry/456.json,1,1,0,1,0,0,reasoning_greedy,direct_plus_revise,reasoning_greedy,reasoning_greedy,1,1,1,2,1,1,0.0,27.0,other,0,0,0,0,1,0,0,0,0,1,0,0,0.0,0.0
math500_100,test/algebra/2253.json,1,1,0,1,0,0,reasoning_greedy,reasoning_greedy,reasoning_greedy,reasoning_greedy,1,1,1,1,1,1,2.0,42.0,money,0,0,0,0,1,0,0,0,0,0,0,0,0.0,0.0
math500_100,test/precalculus/24313.json,1,1,0,1,0,0,reasoning_greedy,reasoning_greedy,reasoning_greedy,reasoning_greedy,1,1,1,1,1,1,0.0,8.0,other,0,0,0,0,1,0,0,0,0,1,0,1,1.0,0.0
math500_100,test/counting_and_probability/1114.json,1,1,0,1,0,0,reasoning_greedy,reasoning_greedy,reasoning_greedy,reasoning_greedy,1,1,1,1,1,1,2.0,29.0,other,0,0,0,0,1,0,0,0,0,1,0,0,0.0,0.0
math500_100,test/intermediate_algebra/623.json,1,1,0,1,0,0,reasoning_greedy,reasoning_greedy,reasoning_greedy,reasoning_greedy,1,1,1,1,1,1,1.0,25.0,money,0,0,0,0,1,0,0,0,0,1,0,0,0.0,0.0
math500_100,test/algebra/1004.json,1,1,0,1,0,0,reasoning_greedy,reasoning_greedy,reasoning_greedy,reasoning_greedy,1,1,1,1,1,1,3.0,8.0,money,0,0,0,0,1,0,0,0,0,0,0,0,0.0,0.0
math500_100,test/intermediate_algebra/47.json,1,1,0,1,0,0,reasoning_greedy,direct_plus_revise,reasoning_greedy,reasoning_greedy,1,1,1,2,1,1,6.0,33.0,money,0,0,0,0,1,0,0,0,1,0,0,1,1.0,0.0
math500_100,test/prealgebra/192.json,1,1,0,1,0,0,reasoning_greedy,direct_plus_revise,reasoning_greedy,reasoning_greedy,1,1,1,2,1,1,4.0,7.0,money,0,0,0,0,1,0,0,0,1,0,0,0,0.0,0.0
math500_100,test/intermediate_algebra/1849.json,0,0,0,0,1,0,reasoning_greedy,direct_plus_revise,reasoning_greedy,reasoning_greedy,0,0,0,2,1,1,3.0,23.0,money,0,0,0,0,1,0,0,0,0,1,0,0,0.0,0.0
math500_100,test/algebra/1035.json,1,1,0,1,0,0,reasoning_greedy,direct_plus_revise,reasoning_greedy,reasoning_greedy,1,1,1,2,1,1,0.0,36.0,total,0,0,0,0,1,0,0,0,0,1,0,0,0.0,0.0
math500_100,test/algebra/2700.json,1,1,0,1,0,0,reasoning_greedy,direct_plus_revise,reasoning_greedy,reasoning_greedy,1,1,1,2,1,1,8.0,59.0,money,0,0,0,0,1,0,0,0,1,1,0,0,0.0,0.0
math500_100,test/intermediate_algebra/2046.json,1,1,0,1,0,0,reasoning_greedy,direct_plus_revise,reasoning_greedy,reasoning_greedy,1,1,1,2,1,1,4.0,8.0,money,0,0,0,0,1,0,0,0,1,1,0,0,0.0,0.0
math500_100,test/algebra/893.json,0,1,1,0,0,0,direct_plus_revise,direct_plus_revise,reasoning_greedy,reasoning_greedy,1,0,0,2,1,1,14.0,11.0,money,0,0,0,0,1,0,0,0,1,0,0,1,1.0,0.0
math500_100,test/geometry/353.json,1,1,0,1,0,0,reasoning_greedy,reasoning_greedy,reasoning_greedy,reasoning_greedy,1,1,1,1,1,1,1.0,50.0,rate_or_unit,0,0,0,1,1,0,0,0,0,0,0,0,0.0,0.0
math500_100,test/prealgebra/307.json,1,1,0,1,0,0,reasoning_greedy,reasoning_greedy,reasoning_greedy,reasoning_greedy,1,1,1,1,1,1,3.0,28.0,other,0,0,0,0,1,0,0,0,0,1,0,0,0.0,0.0
math500_100,test/algebra/567.json,1,1,0,1,0,0,reasoning_greedy,direct_plus_revise,reasoning_greedy,reasoning_greedy,1,1,1,2,1,1,3.0,11.0,money,0,0,0,0,1,0,0,0,0,0,0,0,0.0,0.0
math500_100,test/algebra/892.json,0,0,0,0,1,0,reasoning_greedy,reasoning_greedy,reasoning_greedy,reasoning_greedy,0,0,0,1,1,1,2.0,46.0,rate_or_unit,0,0,0,1,1,0,0,0,0,1,0,0,0.0,0.0
math500_100,test/number_theory/357.json,0,1,1,0,0,0,direct_plus_revise,direct_plus_revise,reasoning_greedy,reasoning_greedy,1,0,0,2,1,1,3.0,10.0,money,0,0,0,0,1,0,0,0,0,0,0,1,1.0,0.0
math500_100,test/prealgebra/1761.json,1,0,0,1,0,0,reasoning_greedy,reasoning_greedy,reasoning_greedy,reasoning_greedy,1,1,1,1,1,1,4.0,26.0,money,1,0,0,0,1,0,0,0,1,1,0,0,0.0,0.0
math500_100,test/algebra/2023.json,1,1,0,1,0,0,reasoning_greedy,direct_plus_revise,reasoning_greedy,reasoning_greedy,1,1,1,2,1,1,2.0,21.0,money,0,1,0,0,1,0,0,0,0,1,0,0,0.0,0.0
math500_100,test/counting_and_probability/377.json,0,0,0,0,1,0,reasoning_greedy,direct_plus_revise,reasoning_greedy,reasoning_greedy,0,0,0,2,1,1,3.0,30.0,rate_or_unit,0,0,0,1,1,0,0,0,0,0,0,0,0.0,0.0
math500_100,test/algebra/873.json,1,1,0,1,0,0,reasoning_greedy,direct_plus_revise,reasoning_greedy,reasoning_greedy,1,1,1,2,1,1,6.0,27.0,money,0,0,0,0,1,0,0,0,0,0,0,0,0.0,0.0
math500_100,test/prealgebra/1646.json,0,0,0,0,1,0,reasoning_greedy,direct_plus_revise,reasoning_greedy,reasoning_greedy,0,0,0,2,1,1,47.0,106.0,money,0,0,0,0,1,0,0,0,1,1,0,0,0.0,0.0
math500_100,test/precalculus/34.json,1,1,0,1,0,0,reasoning_greedy,direct_plus_revise,reasoning_greedy,reasoning_greedy,1,1,1,2,1,1,10.0,28.0,money,0,0,0,0,1,0,0,0,1,1,0,0,0.0,0.0
math500_100,test/intermediate_algebra/662.json,0,0,0,0,1,0,reasoning_greedy,reasoning_greedy,reasoning_greedy,reasoning_greedy,0,0,0,1,1,1,18.0,42.0,other,0,0,0,0,1,0,0,0,1,1,0,1,1.0,0.0
math500_100,test/prealgebra/105.json,1,0,0,1,0,1,reasoning_greedy,direct_plus_revise,reasoning_greedy,direct_plus_revise,0,1,0,2,1,2,1.0,33.0,other,0,0,0,0,1,0,0,1,0,0,0,0,0.0,0.0
math500_100,test/prealgebra/1924.json,1,0,0,1,0,0,reasoning_greedy,reasoning_greedy,reasoning_greedy,reasoning_greedy,1,1,1,1,1,1,3.0,8.0,money,0,0,0,0,1,0,0,0,0,0,0,1,1.0,0.0
math500_100,test/precalculus/1300.json,0,0,0,0,1,0,reasoning_greedy,direct_plus_revise,reasoning_greedy,reasoning_greedy,0,0,0,2,1,1,7.0,34.0,money,0,1,0,0,1,0,0,0,1,0,0,1,1.0,0.0
